charger_id,station_id,charger_type,power_kw,installation_date,charger_status
CHG_00001,STN_0000,DC Fast (50kW),50.0,2023-06-02,Active
CHG_00002,STN_0000,Level 2 (AC),11.0,2023-11-05,Maintenance
CHG_00003,STN_0000,DC Fast (50kW),50.0,2023-07-17,Maintenance
CHG_00004,STN_0000,DC Fast (50kW),50.0,2023-02-11,Active
CHG_00005,STN_0000,DC Ultra-Fast (150kW+),150.0,2023-06-06,Active
CHG_00006,STN_0000,DC Ultra-Fast (150kW+),150.0,2023-06-06,Active
CHG_00007,STN_0000,Level 2 (AC),7.2,2023-10-16,Active
CHG_00008,STN_0000,DC Fast (50kW),50.0,2023-01-10,Active
CHG_00009,STN_0000,DC Ultra-Fast (150kW+),150.0,2023-04-28,Active
CHG_00010,STN_0000,Level 2 (AC),7.2,2023-08-04,Active
CHG_00011,STN_0001,DC Fast (50kW),50.0,2023-05-16,Active
CHG_00012,STN_0001,Level 2 (AC),7.2,2023-05-10,Active
CHG_00013,STN_0001,DC Fast (50kW),50.0,2023-10-19,Active
CHG_00014,STN_0001,DC Fast (50kW),50.0,2023-05-28,Active
CHG_00015,STN_0001,DC Hyper-Fast (350kW),350.0,2023-02-07,Active
CHG_00016,STN_0001,DC Fast (50kW),50.0,2023-12-12,Maintenance
CHG_00017,STN_0001,Level 2 (AC),7.2,2023-04-14,Active
CHG_00018,STN_0001,DC Fast (50kW),50.0,2023-04-21,Active
CHG_00019,STN_0001,DC Fast (50kW),50.0,2023-12-22,Maintenance
CHG_00020,STN_0001,DC Ultra-Fast (150kW+),150.0,2023-10-20,Active
CHG_00021,STN_0001,Level 2 (AC),22.0,2023-02-20,Active
CHG_00022,STN_0002,DC Hyper-Fast (350kW),350.0,2023-08-02,Maintenance
CHG_00023,STN_0002,Level 2 (AC),7.2,2023-12-12,Active
CHG_00024,STN_0002,Level 2 (AC),7.2,2023-01-01,Active
CHG_00025,STN_0002,DC Fast (50kW),50.0,2023-05-29,Active
CHG_00026,STN_0002,DC Ultra-Fast (150kW+),150.0,2023-07-21,Active
CHG_00027,STN_0002,Level 2 (AC),7.2,2023-10-18,Active
CHG_00028,STN_0002,DC Fast (50kW),50.0,2023-03-16,Maintenance
CHG_00029,STN_0002,DC Fast (50kW),50.0,2023-12-13,Active
CHG_00030,STN_0003,Level 2 (AC),22.0,2023-06-28,Active
CHG_00031,STN_0003,DC Fast (50kW),50.0,2023-06-29,Active
CHG_00032,STN_0003,DC Hyper-Fast (350kW),350.0,2023-06-26,Active
CHG_00033,STN_0003,Level 2 (AC),11.0,2023-06-05,Active
CHG_00034,STN_0003,DC Fast (50kW),50.0,2023-12-03,Maintenance
CHG_00035,STN_0003,Level 2 (AC),11.0,2023-12-08,Active
CHG_00036,STN_0003,DC Hyper-Fast (350kW),350.0,2023-02-18,Active
CHG_00037,STN_0003,Level 2 (AC),11.0,2023-08-03,Active
CHG_00038,STN_0003,DC Ultra-Fast (150kW+),150.0,2023-11-14,Active
CHG_00039,STN_0003,Level 2 (AC),7.2,2023-10-13,Active
CHG_00040,STN_0003,DC Fast (50kW),50.0,2023-09-14,Active
CHG_00041,STN_0003,DC Fast (50kW),50.0,2023-07-13,Active
CHG_00042,STN_0003,DC Fast (50kW),50.0,2023-08-10,Active
CHG_00043,STN_0003,Level 2 (AC),7.2,2023-09-21,Active
CHG_00044,STN_0003,DC Hyper-Fast (350kW),350.0,2023-10-15,Active
CHG_00045,STN_0003,DC Ultra-Fast (150kW+),150.0,2023-06-11,Active
CHG_00046,STN_0003,Level 2 (AC),11.0,2023-12-15,Active
CHG_00047,STN_0003,DC Fast (50kW),50.0,2023-11-19,Active
CHG_00048,STN_0003,DC Fast (50kW),50.0,2023-11-24,Active
CHG_00049,STN_0004,DC Ultra-Fast (150kW+),150.0,2023-03-08,Active
CHG_00050,STN_0004,DC Fast (50kW),50.0,2023-09-21,Active
CHG_00051,STN_0004,Level 2 (AC),11.0,2023-10-15,Active
CHG_00052,STN_0004,DC Ultra-Fast (150kW+),150.0,2023-06-14,Active
CHG_00053,STN_0004,DC Fast (50kW),50.0,2023-11-07,Active
CHG_00054,STN_0004,Level 2 (AC),22.0,2023-06-10,Active
CHG_00055,STN_0005,Level 2 (AC),7.2,2023-02-05,Active
CHG_00056,STN_0005,DC Ultra-Fast (150kW+),150.0,2023-10-30,Active
CHG_00057,STN_0005,Level 2 (AC),22.0,2023-07-14,Active
CHG_00058,STN_0005,Level 2 (AC),7.2,2023-10-20,Active
CHG_00059,STN_0005,DC Fast (50kW),50.0,2023-08-14,Active
CHG_00060,STN_0005,Level 2 (AC),11.0,2023-12-08,Active
CHG_00061,STN_0005,Level 2 (AC),11.0,2023-04-30,Offline
CHG_00062,STN_0005,DC Fast (50kW),50.0,2023-08-12,Active
CHG_00063,STN_0005,Level 2 (AC),11.0,2023-01-09,Active
CHG_00064,STN_0005,DC Fast (50kW),50.0,2023-12-25,Active
CHG_00065,STN_0006,DC Fast (50kW),50.0,2023-01-04,Active
CHG_00066,STN_0006,DC Hyper-Fast (350kW),350.0,2023-04-08,Active
CHG_00067,STN_0006,Level 2 (AC),11.0,2023-05-08,Active
CHG_00068,STN_0006,DC Fast (50kW),50.0,2023-02-03,Active
CHG_00069,STN_0006,DC Fast (50kW),50.0,2023-03-17,Active
CHG_00070,STN_0006,Level 2 (AC),7.2,2023-01-27,Maintenance
CHG_00071,STN_0006,DC Ultra-Fast (150kW+),150.0,2023-06-17,Active
CHG_00072,STN_0006,DC Fast (50kW),50.0,2023-11-05,Active
CHG_00073,STN_0007,DC Hyper-Fast (350kW),350.0,2023-07-09,Active
CHG_00074,STN_0007,Level 2 (AC),11.0,2023-12-29,Active
CHG_00075,STN_0007,Level 2 (AC),22.0,2023-10-09,Active
CHG_00076,STN_0007,DC Ultra-Fast (150kW+),150.0,2023-01-11,Active
CHG_00077,STN_0007,DC Ultra-Fast (150kW+),150.0,2023-10-22,Active
CHG_00078,STN_0007,DC Hyper-Fast (350kW),350.0,2023-02-24,Active
CHG_00079,STN_0007,DC Hyper-Fast (350kW),350.0,2023-03-10,Active
CHG_00080,STN_0007,Level 2 (AC),22.0,2023-05-28,Active
CHG_00081,STN_0007,DC Ultra-Fast (150kW+),150.0,2023-12-03,Active
CHG_00082,STN_0007,DC Fast (50kW),50.0,2023-07-20,Active
CHG_00083,STN_0007,Level 2 (AC),7.2,2023-10-23,Active
CHG_00084,STN_0008,DC Fast (50kW),50.0,2023-04-14,Active
CHG_00085,STN_0008,Level 2 (AC),22.0,2023-08-17,Active
CHG_00086,STN_0008,DC Hyper-Fast (350kW),350.0,2023-04-12,Active
CHG_00087,STN_0008,Level 2 (AC),22.0,2023-11-01,Active
CHG_00088,STN_0008,DC Hyper-Fast (350kW),350.0,2023-11-07,Active
CHG_00089,STN_0009,Level 2 (AC),22.0,2023-09-21,Active
CHG_00090,STN_0009,DC Ultra-Fast (150kW+),150.0,2023-07-17,Offline
CHG_00091,STN_0009,DC Hyper-Fast (350kW),350.0,2023-09-25,Active
CHG_00092,STN_0009,DC Hyper-Fast (350kW),350.0,2023-12-31,Active
CHG_00093,STN_0009,Level 2 (AC),22.0,2023-10-09,Active
CHG_00094,STN_0010,DC Hyper-Fast (350kW),350.0,2023-09-27,Active
CHG_00095,STN_0010,DC Ultra-Fast (150kW+),150.0,2023-06-25,Active
CHG_00096,STN_0010,DC Fast (50kW),50.0,2023-03-23,Active
CHG_00097,STN_0010,Level 2 (AC),22.0,2023-04-13,Active
CHG_00098,STN_0010,DC Fast (50kW),50.0,2023-04-18,Active
CHG_00099,STN_0010,Level 2 (AC),7.2,2023-06-20,Active
CHG_00100,STN_0010,DC Ultra-Fast (150kW+),150.0,2023-12-30,Active
CHG_00101,STN_0010,DC Ultra-Fast (150kW+),150.0,2023-01-04,Active
CHG_00102,STN_0010,Level 2 (AC),11.0,2023-06-10,Active
CHG_00103,STN_0010,DC Fast (50kW),50.0,2023-11-07,Active
CHG_00104,STN_0010,DC Hyper-Fast (350kW),350.0,2023-09-08,Active
CHG_00105,STN_0010,DC Fast (50kW),50.0,2023-04-06,Active
CHG_00106,STN_0010,DC Hyper-Fast (350kW),350.0,2023-01-29,Active
CHG_00107,STN_0010,DC Fast (50kW),50.0,2023-09-02,Active
CHG_00108,STN_0010,DC Fast (50kW),50.0,2023-08-24,Offline
CHG_00109,STN_0010,DC Ultra-Fast (150kW+),150.0,2023-12-25,Active
CHG_00110,STN_0010,DC Ultra-Fast (150kW+),150.0,2023-06-26,Active
CHG_00111,STN_0010,Level 2 (AC),11.0,2023-11-20,Active
CHG_00112,STN_0010,DC Fast (50kW),50.0,2023-07-12,Maintenance
CHG_00113,STN_0011,Level 2 (AC),22.0,2023-11-01,Active
CHG_00114,STN_0011,Level 2 (AC),22.0,2023-10-20,Active
CHG_00115,STN_0011,Level 2 (AC),11.0,2023-10-22,Active
CHG_00116,STN_0011,DC Hyper-Fast (350kW),350.0,2023-01-11,Maintenance
CHG_00117,STN_0011,DC Hyper-Fast (350kW),350.0,2023-07-18,Offline
CHG_00118,STN_0011,Level 2 (AC),7.2,2023-03-04,Active
CHG_00119,STN_0011,DC Ultra-Fast (150kW+),150.0,2023-11-26,Active
CHG_00120,STN_0011,Level 2 (AC),7.2,2023-08-29,Maintenance
CHG_00121,STN_0012,DC Ultra-Fast (150kW+),150.0,2023-01-05,Active
CHG_00122,STN_0012,DC Hyper-Fast (350kW),350.0,2023-06-26,Active
CHG_00123,STN_0012,DC Fast (50kW),50.0,2023-08-29,Active
CHG_00124,STN_0012,Level 2 (AC),11.0,2023-12-04,Active
CHG_00125,STN_0012,Level 2 (AC),22.0,2023-09-26,Active
CHG_00126,STN_0012,DC Fast (50kW),50.0,2023-11-25,Active
CHG_00127,STN_0012,DC Ultra-Fast (150kW+),150.0,2023-09-24,Active
CHG_00128,STN_0012,Level 2 (AC),7.2,2023-05-17,Active
CHG_00129,STN_0012,DC Ultra-Fast (150kW+),150.0,2023-06-19,Active
CHG_00130,STN_0012,DC Fast (50kW),50.0,2023-09-18,Active
CHG_00131,STN_0012,Level 2 (AC),22.0,2023-02-07,Active
CHG_00132,STN_0012,DC Ultra-Fast (150kW+),150.0,2023-03-31,Active
CHG_00133,STN_0012,DC Hyper-Fast (350kW),350.0,2023-06-25,Active
CHG_00134,STN_0012,Level 2 (AC),7.2,2023-04-24,Active
CHG_00135,STN_0012,DC Fast (50kW),50.0,2023-12-15,Maintenance
CHG_00136,STN_0013,DC Fast (50kW),50.0,2023-02-09,Active
CHG_00137,STN_0013,DC Fast (50kW),50.0,2023-08-25,Active
CHG_00138,STN_0013,DC Fast (50kW),50.0,2023-12-02,Active
CHG_00139,STN_0013,DC Ultra-Fast (150kW+),150.0,2023-02-28,Active
CHG_00140,STN_0013,Level 2 (AC),7.2,2023-12-11,Maintenance
CHG_00141,STN_0013,Level 2 (AC),22.0,2023-07-07,Active
CHG_00142,STN_0013,DC Ultra-Fast (150kW+),150.0,2023-11-10,Active
CHG_00143,STN_0013,DC Ultra-Fast (150kW+),150.0,2023-06-09,Active
CHG_00144,STN_0013,DC Ultra-Fast (150kW+),150.0,2023-03-23,Active
CHG_00145,STN_0013,DC Ultra-Fast (150kW+),150.0,2023-01-12,Active
CHG_00146,STN_0013,Level 2 (AC),11.0,2023-06-04,Offline
CHG_00147,STN_0013,DC Fast (50kW),50.0,2023-08-11,Active
CHG_00148,STN_0014,Level 2 (AC),7.2,2023-06-12,Active
CHG_00149,STN_0014,Level 2 (AC),22.0,2023-03-15,Active
CHG_00150,STN_0014,DC Ultra-Fast (150kW+),150.0,2023-03-01,Active
CHG_00151,STN_0014,DC Ultra-Fast (150kW+),150.0,2023-10-05,Maintenance
CHG_00152,STN_0014,DC Fast (50kW),50.0,2023-08-30,Maintenance
CHG_00153,STN_0014,Level 2 (AC),11.0,2023-07-12,Active
CHG_00154,STN_0015,Level 2 (AC),11.0,2023-11-02,Offline
CHG_00155,STN_0015,DC Fast (50kW),50.0,2023-07-23,Active
CHG_00156,STN_0015,Level 2 (AC),7.2,2023-01-07,Active
CHG_00157,STN_0015,DC Ultra-Fast (150kW+),150.0,2023-03-20,Active
CHG_00158,STN_0015,Level 2 (AC),22.0,2023-01-26,Active
CHG_00159,STN_0015,DC Fast (50kW),50.0,2023-01-04,Active
CHG_00160,STN_0015,DC Fast (50kW),50.0,2023-02-08,Active
CHG_00161,STN_0015,DC Ultra-Fast (150kW+),150.0,2023-03-16,Active
CHG_00162,STN_0015,Level 2 (AC),11.0,2023-03-25,Active
CHG_00163,STN_0015,Level 2 (AC),7.2,2023-08-24,Active
CHG_00164,STN_0015,DC Ultra-Fast (150kW+),150.0,2023-10-30,Active
CHG_00165,STN_0015,DC Fast (50kW),50.0,2023-09-19,Active
CHG_00166,STN_0015,DC Fast (50kW),50.0,2023-09-14,Active
CHG_00167,STN_0015,DC Ultra-Fast (150kW+),150.0,2023-06-11,Active
CHG_00168,STN_0015,Level 2 (AC),7.2,2023-10-07,Active
CHG_00169,STN_0016,DC Ultra-Fast (150kW+),150.0,2023-07-27,Active
CHG_00170,STN_0016,Level 2 (AC),7.2,2023-05-25,Active
CHG_00171,STN_0016,Level 2 (AC),22.0,2023-06-23,Active
CHG_00172,STN_0016,Level 2 (AC),7.2,2023-06-30,Maintenance
CHG_00173,STN_0016,DC Hyper-Fast (350kW),350.0,2023-02-15,Active
CHG_00174,STN_0016,Level 2 (AC),22.0,2023-09-30,Active
CHG_00175,STN_0016,Level 2 (AC),7.2,2023-06-15,Active
CHG_00176,STN_0016,Level 2 (AC),11.0,2023-04-27,Active
CHG_00177,STN_0016,DC Fast (50kW),50.0,2023-03-05,Active
CHG_00178,STN_0016,Level 2 (AC),11.0,2023-11-16,Active
CHG_00179,STN_0017,DC Hyper-Fast (350kW),350.0,2023-06-15,Active
CHG_00180,STN_0017,DC Fast (50kW),50.0,2023-10-16,Maintenance
CHG_00181,STN_0017,DC Hyper-Fast (350kW),350.0,2023-09-24,Active
CHG_00182,STN_0017,Level 2 (AC),7.2,2023-03-17,Offline
CHG_00183,STN_0017,Level 2 (AC),11.0,2023-03-27,Active
CHG_00184,STN_0017,Level 2 (AC),11.0,2023-12-19,Active
CHG_00185,STN_0018,Level 2 (AC),7.2,2023-03-18,Active
CHG_00186,STN_0018,Level 2 (AC),11.0,2023-06-15,Active
CHG_00187,STN_0018,DC Fast (50kW),50.0,2023-05-23,Active
CHG_00188,STN_0018,Level 2 (AC),7.2,2023-12-26,Active
CHG_00189,STN_0018,DC Ultra-Fast (150kW+),150.0,2023-01-09,Maintenance
CHG_00190,STN_0018,Level 2 (AC),7.2,2023-07-23,Active
CHG_00191,STN_0018,DC Ultra-Fast (150kW+),150.0,2023-11-14,Active
CHG_00192,STN_0018,DC Fast (50kW),50.0,2023-01-07,Active
CHG_00193,STN_0018,DC Fast (50kW),50.0,2023-11-10,Active
CHG_00194,STN_0018,DC Fast (50kW),50.0,2023-05-07,Active
CHG_00195,STN_0018,DC Ultra-Fast (150kW+),150.0,2023-01-12,Active
CHG_00196,STN_0018,Level 2 (AC),7.2,2023-08-31,Active
CHG_00197,STN_0018,DC Hyper-Fast (350kW),350.0,2023-12-22,Active
CHG_00198,STN_0019,DC Ultra-Fast (150kW+),150.0,2023-11-05,Active
CHG_00199,STN_0019,DC Fast (50kW),50.0,2023-03-23,Active
CHG_00200,STN_0019,DC Fast (50kW),50.0,2023-02-06,Offline
CHG_00201,STN_0019,DC Hyper-Fast (350kW),350.0,2023-05-11,Active
CHG_00202,STN_0019,DC Fast (50kW),50.0,2023-04-03,Active
CHG_00203,STN_0019,Level 2 (AC),22.0,2023-11-28,Active
CHG_00204,STN_0020,DC Hyper-Fast (350kW),350.0,2023-01-24,Active
CHG_00205,STN_0020,Level 2 (AC),11.0,2023-01-20,Active
CHG_00206,STN_0020,DC Fast (50kW),50.0,2023-04-06,Active
CHG_00207,STN_0020,Level 2 (AC),11.0,2023-08-16,Active
CHG_00208,STN_0020,DC Hyper-Fast (350kW),350.0,2023-09-19,Active
CHG_00209,STN_0020,DC Hyper-Fast (350kW),350.0,2023-07-05,Maintenance
CHG_00210,STN_0020,Level 2 (AC),7.2,2023-01-18,Active
CHG_00211,STN_0020,DC Ultra-Fast (150kW+),150.0,2023-12-21,Active
CHG_00212,STN_0020,DC Fast (50kW),50.0,2023-03-28,Active
CHG_00213,STN_0020,Level 2 (AC),11.0,2023-10-20,Active
CHG_00214,STN_0020,DC Fast (50kW),50.0,2023-11-14,Active
CHG_00215,STN_0020,DC Fast (50kW),50.0,2023-01-14,Active
CHG_00216,STN_0020,Level 2 (AC),11.0,2023-08-19,Active
CHG_00217,STN_0020,Level 2 (AC),7.2,2023-01-28,Active
CHG_00218,STN_0020,DC Fast (50kW),50.0,2023-06-13,Maintenance
CHG_00219,STN_0020,DC Fast (50kW),50.0,2023-01-10,Active
CHG_00220,STN_0020,Level 2 (AC),11.0,2023-04-03,Active
CHG_00221,STN_0021,DC Ultra-Fast (150kW+),150.0,2023-09-14,Active
CHG_00222,STN_0021,DC Fast (50kW),50.0,2023-01-01,Active
CHG_00223,STN_0021,Level 2 (AC),7.2,2023-04-17,Active
CHG_00224,STN_0021,DC Fast (50kW),50.0,2023-06-14,Active
CHG_00225,STN_0021,DC Ultra-Fast (150kW+),150.0,2023-11-08,Active
CHG_00226,STN_0021,DC Ultra-Fast (150kW+),150.0,2023-04-18,Active
CHG_00227,STN_0021,Level 2 (AC),11.0,2023-05-10,Active
CHG_00228,STN_0021,Level 2 (AC),11.0,2023-10-12,Active
CHG_00229,STN_0021,Level 2 (AC),7.2,2023-09-02,Active
CHG_00230,STN_0021,Level 2 (AC),22.0,2023-07-25,Active
CHG_00231,STN_0021,Level 2 (AC),11.0,2023-08-04,Active
CHG_00232,STN_0021,Level 2 (AC),7.2,2023-11-02,Offline
CHG_00233,STN_0021,DC Fast (50kW),50.0,2023-07-03,Active
CHG_00234,STN_0021,DC Fast (50kW),50.0,2023-10-21,Active
CHG_00235,STN_0021,Level 2 (AC),7.2,2023-11-04,Active
CHG_00236,STN_0021,Level 2 (AC),22.0,2023-01-08,Maintenance
CHG_00237,STN_0022,Level 2 (AC),7.2,2023-12-18,Active
CHG_00238,STN_0022,DC Hyper-Fast (350kW),350.0,2023-06-24,Active
CHG_00239,STN_0022,DC Ultra-Fast (150kW+),150.0,2023-08-06,Active
CHG_00240,STN_0022,Level 2 (AC),11.0,2023-05-25,Active
CHG_00241,STN_0022,DC Ultra-Fast (150kW+),150.0,2023-03-17,Active
CHG_00242,STN_0022,DC Ultra-Fast (150kW+),150.0,2023-10-16,Active
CHG_00243,STN_0022,DC Hyper-Fast (350kW),350.0,2023-05-22,Active
CHG_00244,STN_0022,DC Fast (50kW),50.0,2023-03-31,Active
CHG_00245,STN_0022,Level 2 (AC),11.0,2023-03-04,Offline
CHG_00246,STN_0023,DC Fast (50kW),50.0,2023-06-25,Active
CHG_00247,STN_0023,Level 2 (AC),22.0,2023-11-20,Active
CHG_00248,STN_0023,DC Ultra-Fast (150kW+),150.0,2023-05-12,Active
CHG_00249,STN_0023,DC Ultra-Fast (150kW+),150.0,2023-03-23,Active
CHG_00250,STN_0023,Level 2 (AC),7.2,2023-11-27,Active
CHG_00251,STN_0023,Level 2 (AC),22.0,2023-03-30,Active
CHG_00252,STN_0023,DC Fast (50kW),50.0,2023-07-18,Active
CHG_00253,STN_0023,Level 2 (AC),7.2,2023-11-01,Active
CHG_00254,STN_0023,DC Fast (50kW),50.0,2023-04-12,Active
CHG_00255,STN_0023,DC Fast (50kW),50.0,2023-04-20,Active
CHG_00256,STN_0023,DC Ultra-Fast (150kW+),150.0,2023-09-22,Active
CHG_00257,STN_0023,DC Ultra-Fast (150kW+),150.0,2023-10-31,Active
CHG_00258,STN_0023,DC Hyper-Fast (350kW),350.0,2023-08-09,Active
CHG_00259,STN_0023,Level 2 (AC),11.0,2023-10-31,Active
CHG_00260,STN_0023,DC Fast (50kW),50.0,2023-09-28,Active
CHG_00261,STN_0023,DC Fast (50kW),50.0,2023-10-29,Active
CHG_00262,STN_0023,DC Hyper-Fast (350kW),350.0,2023-01-21,Active
CHG_00263,STN_0023,Level 2 (AC),22.0,2023-04-27,Active
CHG_00264,STN_0023,Level 2 (AC),22.0,2023-02-20,Active
CHG_00265,STN_0024,DC Hyper-Fast (350kW),350.0,2023-10-02,Active
CHG_00266,STN_0024,DC Fast (50kW),50.0,2023-02-21,Active
CHG_00267,STN_0024,DC Hyper-Fast (350kW),350.0,2023-06-05,Active
CHG_00268,STN_0024,Level 2 (AC),11.0,2023-05-26,Active
CHG_00269,STN_0024,DC Hyper-Fast (350kW),350.0,2023-03-31,Active
CHG_00270,STN_0024,Level 2 (AC),22.0,2023-04-18,Active
CHG_00271,STN_0024,DC Fast (50kW),50.0,2023-03-12,Active
CHG_00272,STN_0024,DC Ultra-Fast (150kW+),150.0,2023-10-25,Maintenance
CHG_00273,STN_0024,DC Fast (50kW),50.0,2023-09-20,Active
CHG_00274,STN_0024,Level 2 (AC),7.2,2023-12-28,Active
CHG_00275,STN_0024,Level 2 (AC),11.0,2023-04-28,Active
CHG_00276,STN_0024,DC Fast (50kW),50.0,2023-01-26,Active
CHG_00277,STN_0025,DC Fast (50kW),50.0,2023-05-01,Active
CHG_00278,STN_0025,DC Hyper-Fast (350kW),350.0,2023-07-27,Active
CHG_00279,STN_0025,Level 2 (AC),11.0,2023-06-01,Active
CHG_00280,STN_0025,DC Fast (50kW),50.0,2023-07-21,Active
CHG_00281,STN_0025,DC Ultra-Fast (150kW+),150.0,2023-08-30,Active
CHG_00282,STN_0025,Level 2 (AC),11.0,2023-06-10,Active
CHG_00283,STN_0025,Level 2 (AC),7.2,2023-05-23,Active
CHG_00284,STN_0025,Level 2 (AC),22.0,2023-05-18,Active
CHG_00285,STN_0025,DC Fast (50kW),50.0,2023-09-11,Active
CHG_00286,STN_0026,Level 2 (AC),22.0,2023-03-26,Active
CHG_00287,STN_0026,DC Fast (50kW),50.0,2023-05-05,Active
CHG_00288,STN_0026,DC Fast (50kW),50.0,2023-10-07,Active
CHG_00289,STN_0026,Level 2 (AC),11.0,2023-04-12,Active
CHG_00290,STN_0026,Level 2 (AC),11.0,2023-02-05,Active
CHG_00291,STN_0026,DC Ultra-Fast (150kW+),150.0,2023-03-14,Active
CHG_00292,STN_0026,Level 2 (AC),7.2,2023-07-15,Active
CHG_00293,STN_0026,DC Ultra-Fast (150kW+),150.0,2023-01-05,Active
CHG_00294,STN_0026,DC Fast (50kW),50.0,2023-09-21,Active
CHG_00295,STN_0026,DC Fast (50kW),50.0,2023-10-27,Active
CHG_00296,STN_0026,Level 2 (AC),11.0,2023-05-10,Offline
CHG_00297,STN_0026,DC Fast (50kW),50.0,2023-07-28,Offline
CHG_00298,STN_0026,DC Fast (50kW),50.0,2023-04-26,Active
CHG_00299,STN_0026,DC Fast (50kW),50.0,2023-02-05,Maintenance
CHG_00300,STN_0026,DC Fast (50kW),50.0,2023-10-30,Active
CHG_00301,STN_0027,DC Fast (50kW),50.0,2023-06-07,Active
CHG_00302,STN_0027,DC Ultra-Fast (150kW+),150.0,2023-05-25,Active
CHG_00303,STN_0027,DC Hyper-Fast (350kW),350.0,2023-01-03,Maintenance
CHG_00304,STN_0027,Level 2 (AC),22.0,2023-04-14,Active
CHG_00305,STN_0027,DC Ultra-Fast (150kW+),150.0,2023-09-05,Active
CHG_00306,STN_0027,DC Ultra-Fast (150kW+),150.0,2023-05-29,Active
CHG_00307,STN_0027,Level 2 (AC),22.0,2023-10-15,Active
CHG_00308,STN_0028,DC Ultra-Fast (150kW+),150.0,2023-02-07,Active
CHG_00309,STN_0028,Level 2 (AC),7.2,2023-05-31,Active
CHG_00310,STN_0028,Level 2 (AC),7.2,2023-09-15,Maintenance
CHG_00311,STN_0028,DC Fast (50kW),50.0,2023-11-27,Active
CHG_00312,STN_0029,Level 2 (AC),11.0,2023-07-15,Active
CHG_00313,STN_0029,Level 2 (AC),11.0,2023-05-23,Offline
CHG_00314,STN_0029,DC Ultra-Fast (150kW+),150.0,2023-01-12,Maintenance
CHG_00315,STN_0029,Level 2 (AC),11.0,2023-10-18,Active
CHG_00316,STN_0029,DC Fast (50kW),50.0,2023-05-14,Active
CHG_00317,STN_0029,Level 2 (AC),11.0,2023-03-14,Active
CHG_00318,STN_0029,Level 2 (AC),22.0,2023-05-10,Active
CHG_00319,STN_0029,DC Hyper-Fast (350kW),350.0,2023-09-13,Maintenance
CHG_00320,STN_0029,DC Fast (50kW),50.0,2023-09-10,Active
CHG_00321,STN_0029,DC Hyper-Fast (350kW),350.0,2023-09-27,Active
CHG_00322,STN_0030,DC Ultra-Fast (150kW+),150.0,2023-08-26,Active
CHG_00323,STN_0030,DC Fast (50kW),50.0,2023-01-25,Active
CHG_00324,STN_0030,Level 2 (AC),7.2,2023-01-25,Active
CHG_00325,STN_0030,Level 2 (AC),7.2,2023-01-31,Active
CHG_00326,STN_0030,DC Fast (50kW),50.0,2023-11-12,Active
CHG_00327,STN_0030,Level 2 (AC),22.0,2023-09-11,Active
CHG_00328,STN_0030,Level 2 (AC),22.0,2023-01-05,Active
CHG_00329,STN_0030,DC Fast (50kW),50.0,2023-05-10,Active
CHG_00330,STN_0030,DC Ultra-Fast (150kW+),150.0,2023-02-25,Active
CHG_00331,STN_0030,DC Fast (50kW),50.0,2023-04-09,Active
CHG_00332,STN_0030,DC Ultra-Fast (150kW+),150.0,2023-09-20,Active
CHG_00333,STN_0030,Level 2 (AC),22.0,2023-02-09,Active
CHG_00334,STN_0030,DC Fast (50kW),50.0,2023-11-04,Active
CHG_00335,STN_0030,DC Fast (50kW),50.0,2023-08-19,Active
CHG_00336,STN_0030,DC Ultra-Fast (150kW+),150.0,2023-07-10,Active
CHG_00337,STN_0031,Level 2 (AC),22.0,2023-06-04,Active
CHG_00338,STN_0031,DC Ultra-Fast (150kW+),150.0,2023-08-17,Active
CHG_00339,STN_0031,DC Hyper-Fast (350kW),350.0,2023-07-02,Active
CHG_00340,STN_0031,DC Fast (50kW),50.0,2023-09-03,Active
CHG_00341,STN_0031,DC Fast (50kW),50.0,2023-11-10,Active
CHG_00342,STN_0031,DC Fast (50kW),50.0,2023-01-13,Active
CHG_00343,STN_0031,Level 2 (AC),7.2,2023-06-30,Active
CHG_00344,STN_0031,DC Hyper-Fast (350kW),350.0,2023-06-13,Active
CHG_00345,STN_0031,Level 2 (AC),22.0,2023-07-10,Active
CHG_00346,STN_0031,Level 2 (AC),7.2,2023-10-09,Active
CHG_00347,STN_0031,DC Ultra-Fast (150kW+),150.0,2023-04-22,Active
CHG_00348,STN_0032,DC Fast (50kW),50.0,2023-08-21,Active
CHG_00349,STN_0032,DC Ultra-Fast (150kW+),150.0,2023-02-11,Active
CHG_00350,STN_0032,DC Ultra-Fast (150kW+),150.0,2023-04-15,Active
CHG_00351,STN_0032,DC Fast (50kW),50.0,2023-05-09,Active
CHG_00352,STN_0032,Level 2 (AC),7.2,2023-01-10,Maintenance
CHG_00353,STN_0032,Level 2 (AC),7.2,2023-10-11,Active
CHG_00354,STN_0032,DC Fast (50kW),50.0,2023-08-02,Active
CHG_00355,STN_0032,DC Fast (50kW),50.0,2023-12-09,Active
CHG_00356,STN_0032,Level 2 (AC),7.2,2023-03-28,Active
CHG_00357,STN_0033,Level 2 (AC),7.2,2023-03-28,Active
CHG_00358,STN_0033,Level 2 (AC),22.0,2023-06-01,Active
CHG_00359,STN_0033,DC Fast (50kW),50.0,2023-08-20,Active
CHG_00360,STN_0033,Level 2 (AC),22.0,2023-07-30,Active
CHG_00361,STN_0033,Level 2 (AC),22.0,2023-09-18,Active
CHG_00362,STN_0033,DC Ultra-Fast (150kW+),150.0,2023-01-08,Active
CHG_00363,STN_0033,Level 2 (AC),7.2,2023-08-11,Active
CHG_00364,STN_0033,Level 2 (AC),7.2,2023-02-18,Active
CHG_00365,STN_0033,Level 2 (AC),7.2,2023-06-18,Maintenance
CHG_00366,STN_0033,DC Fast (50kW),50.0,2023-09-12,Maintenance
CHG_00367,STN_0033,DC Ultra-Fast (150kW+),150.0,2023-05-20,Active
CHG_00368,STN_0033,Level 2 (AC),7.2,2023-06-30,Maintenance
CHG_00369,STN_0033,DC Fast (50kW),50.0,2023-10-15,Active
CHG_00370,STN_0033,Level 2 (AC),22.0,2023-09-30,Maintenance
CHG_00371,STN_0034,Level 2 (AC),7.2,2023-11-11,Active
CHG_00372,STN_0034,Level 2 (AC),11.0,2023-10-05,Active
CHG_00373,STN_0034,DC Hyper-Fast (350kW),350.0,2023-06-21,Active
CHG_00374,STN_0034,DC Ultra-Fast (150kW+),150.0,2023-05-02,Active
CHG_00375,STN_0034,DC Ultra-Fast (150kW+),150.0,2023-09-25,Maintenance
CHG_00376,STN_0034,Level 2 (AC),7.2,2023-05-29,Offline
CHG_00377,STN_0035,DC Ultra-Fast (150kW+),150.0,2023-08-26,Active
CHG_00378,STN_0035,DC Fast (50kW),50.0,2023-07-22,Active
CHG_00379,STN_0035,DC Ultra-Fast (150kW+),150.0,2023-12-11,Maintenance
CHG_00380,STN_0035,Level 2 (AC),11.0,2023-09-15,Active
CHG_00381,STN_0035,DC Ultra-Fast (150kW+),150.0,2023-10-10,Maintenance
CHG_00382,STN_0035,DC Fast (50kW),50.0,2023-03-29,Active
CHG_00383,STN_0035,DC Fast (50kW),50.0,2023-07-08,Active
CHG_00384,STN_0035,DC Fast (50kW),50.0,2023-04-28,Active
CHG_00385,STN_0035,DC Fast (50kW),50.0,2023-10-22,Active
CHG_00386,STN_0035,DC Ultra-Fast (150kW+),150.0,2023-08-17,Active
CHG_00387,STN_0035,DC Fast (50kW),50.0,2023-05-24,Active
CHG_00388,STN_0035,DC Ultra-Fast (150kW+),150.0,2023-01-03,Offline
CHG_00389,STN_0036,Level 2 (AC),11.0,2023-12-20,Active
CHG_00390,STN_0036,DC Fast (50kW),50.0,2023-10-29,Active
CHG_00391,STN_0036,Level 2 (AC),7.2,2023-04-22,Active
CHG_00392,STN_0036,DC Fast (50kW),50.0,2023-03-27,Active
CHG_00393,STN_0036,DC Ultra-Fast (150kW+),150.0,2023-01-12,Active
CHG_00394,STN_0036,Level 2 (AC),11.0,2023-01-20,Active
CHG_00395,STN_0036,Level 2 (AC),22.0,2023-03-11,Active
CHG_00396,STN_0036,DC Hyper-Fast (350kW),350.0,2023-05-12,Active
CHG_00397,STN_0036,DC Fast (50kW),50.0,2023-01-24,Active
CHG_00398,STN_0036,Level 2 (AC),11.0,2023-11-06,Active
CHG_00399,STN_0037,Level 2 (AC),11.0,2023-09-17,Active
CHG_00400,STN_0037,Level 2 (AC),7.2,2023-04-29,Active
CHG_00401,STN_0037,DC Fast (50kW),50.0,2023-01-03,Active
CHG_00402,STN_0037,DC Fast (50kW),50.0,2023-02-24,Active
CHG_00403,STN_0037,Level 2 (AC),11.0,2023-06-07,Active
CHG_00404,STN_0037,Level 2 (AC),22.0,2023-11-01,Active
CHG_00405,STN_0037,Level 2 (AC),7.2,2023-03-17,Active
CHG_00406,STN_0037,DC Ultra-Fast (150kW+),150.0,2023-12-22,Active
CHG_00407,STN_0037,DC Fast (50kW),50.0,2023-08-16,Active
CHG_00408,STN_0037,DC Ultra-Fast (150kW+),150.0,2023-05-26,Active
CHG_00409,STN_0037,Level 2 (AC),22.0,2023-10-30,Offline
CHG_00410,STN_0037,DC Hyper-Fast (350kW),350.0,2023-10-28,Active
CHG_00411,STN_0037,DC Fast (50kW),50.0,2023-05-28,Active
CHG_00412,STN_0037,Level 2 (AC),11.0,2023-02-16,Active
CHG_00413,STN_0037,Level 2 (AC),7.2,2023-03-31,Active
CHG_00414,STN_0037,Level 2 (AC),7.2,2023-05-18,Active
CHG_00415,STN_0037,Level 2 (AC),7.2,2023-12-16,Active
CHG_00416,STN_0037,Level 2 (AC),7.2,2023-12-31,Active
CHG_00417,STN_0037,Level 2 (AC),22.0,2023-10-29,Active
CHG_00418,STN_0038,Level 2 (AC),7.2,2023-02-18,Active
CHG_00419,STN_0038,DC Hyper-Fast (350kW),350.0,2023-12-22,Active
CHG_00420,STN_0038,Level 2 (AC),22.0,2023-10-22,Active
CHG_00421,STN_0038,DC Fast (50kW),50.0,2023-11-09,Active
CHG_00422,STN_0038,Level 2 (AC),11.0,2023-11-12,Active
CHG_00423,STN_0038,Level 2 (AC),7.2,2023-02-05,Active
CHG_00424,STN_0038,Level 2 (AC),11.0,2023-12-08,Active
CHG_00425,STN_0038,Level 2 (AC),11.0,2023-04-30,Offline
CHG_00426,STN_0038,Level 2 (AC),22.0,2023-04-16,Active
CHG_00427,STN_0038,Level 2 (AC),7.2,2023-10-28,Active
CHG_00428,STN_0038,Level 2 (AC),11.0,2023-09-07,Active
CHG_00429,STN_0038,Level 2 (AC),11.0,2023-01-07,Active
CHG_00430,STN_0038,Level 2 (AC),22.0,2023-05-28,Active
CHG_00431,STN_0038,DC Ultra-Fast (150kW+),150.0,2023-06-03,Active
CHG_00432,STN_0038,Level 2 (AC),7.2,2023-06-14,Offline
CHG_00433,STN_0039,Level 2 (AC),22.0,2023-03-28,Active
CHG_00434,STN_0039,DC Fast (50kW),50.0,2023-12-11,Maintenance
CHG_00435,STN_0039,DC Hyper-Fast (350kW),350.0,2023-06-10,Active
CHG_00436,STN_0039,Level 2 (AC),11.0,2023-11-23,Active
CHG_00437,STN_0039,DC Fast (50kW),50.0,2023-06-01,Active
CHG_00438,STN_0039,DC Ultra-Fast (150kW+),150.0,2023-02-12,Active
CHG_00439,STN_0040,DC Ultra-Fast (150kW+),150.0,2023-01-17,Active
CHG_00440,STN_0040,Level 2 (AC),11.0,2023-03-06,Active
CHG_00441,STN_0040,Level 2 (AC),11.0,2023-04-22,Active
CHG_00442,STN_0040,Level 2 (AC),22.0,2023-05-05,Active
CHG_00443,STN_0040,Level 2 (AC),22.0,2023-10-21,Active
CHG_00444,STN_0040,DC Fast (50kW),50.0,2023-07-11,Active
CHG_00445,STN_0040,DC Fast (50kW),50.0,2023-02-01,Active
CHG_00446,STN_0040,Level 2 (AC),22.0,2023-03-09,Active
CHG_00447,STN_0040,DC Fast (50kW),50.0,2023-08-20,Active
CHG_00448,STN_0040,DC Ultra-Fast (150kW+),150.0,2023-04-02,Active
CHG_00449,STN_0040,DC Hyper-Fast (350kW),350.0,2023-06-17,Offline
CHG_00450,STN_0041,DC Ultra-Fast (150kW+),150.0,2023-03-07,Active
CHG_00451,STN_0041,DC Fast (50kW),50.0,2023-02-13,Active
CHG_00452,STN_0041,DC Fast (50kW),50.0,2023-09-19,Active
CHG_00453,STN_0041,DC Fast (50kW),50.0,2023-06-27,Active
CHG_00454,STN_0041,DC Fast (50kW),50.0,2023-09-24,Active
CHG_00455,STN_0041,DC Fast (50kW),50.0,2023-10-24,Active
CHG_00456,STN_0041,DC Fast (50kW),50.0,2023-02-24,Active
CHG_00457,STN_0041,Level 2 (AC),11.0,2023-04-14,Active
CHG_00458,STN_0041,DC Fast (50kW),50.0,2023-09-25,Active
CHG_00459,STN_0041,DC Fast (50kW),50.0,2023-12-31,Maintenance
CHG_00460,STN_0041,Level 2 (AC),11.0,2023-08-08,Active
CHG_00461,STN_0041,Level 2 (AC),7.2,2023-06-25,Active
CHG_00462,STN_0041,DC Fast (50kW),50.0,2023-09-03,Active
CHG_00463,STN_0041,Level 2 (AC),22.0,2023-10-29,Active
CHG_00464,STN_0041,DC Hyper-Fast (350kW),350.0,2023-04-19,Offline
CHG_00465,STN_0041,DC Fast (50kW),50.0,2023-09-26,Active
CHG_00466,STN_0041,DC Hyper-Fast (350kW),350.0,2023-08-11,Active
CHG_00467,STN_0042,Level 2 (AC),7.2,2023-01-25,Active
CHG_00468,STN_0042,Level 2 (AC),11.0,2023-06-03,Active
CHG_00469,STN_0042,DC Ultra-Fast (150kW+),150.0,2023-07-08,Active
CHG_00470,STN_0042,Level 2 (AC),11.0,2023-05-14,Active
CHG_00471,STN_0042,Level 2 (AC),22.0,2023-12-30,Active
CHG_00472,STN_0042,Level 2 (AC),11.0,2023-05-11,Active
CHG_00473,STN_0042,DC Fast (50kW),50.0,2023-10-04,Active
CHG_00474,STN_0042,Level 2 (AC),7.2,2023-06-12,Active
CHG_00475,STN_0042,Level 2 (AC),22.0,2023-12-04,Active
CHG_00476,STN_0043,DC Fast (50kW),50.0,2023-06-25,Active
CHG_00477,STN_0043,DC Ultra-Fast (150kW+),150.0,2023-04-18,Active
CHG_00478,STN_0043,DC Hyper-Fast (350kW),350.0,2023-10-16,Active
CHG_00479,STN_0043,DC Fast (50kW),50.0,2023-03-07,Active
CHG_00480,STN_0043,Level 2 (AC),22.0,2023-07-20,Active
CHG_00481,STN_0043,DC Hyper-Fast (350kW),350.0,2023-09-04,Active
CHG_00482,STN_0043,DC Fast (50kW),50.0,2023-01-04,Active
CHG_00483,STN_0043,Level 2 (AC),22.0,2023-07-10,Active
CHG_00484,STN_0043,DC Ultra-Fast (150kW+),150.0,2023-10-29,Active
CHG_00485,STN_0043,DC Hyper-Fast (350kW),350.0,2023-02-08,Active
CHG_00486,STN_0043,Level 2 (AC),22.0,2023-07-29,Active
CHG_00487,STN_0044,DC Ultra-Fast (150kW+),150.0,2023-08-07,Active
CHG_00488,STN_0044,Level 2 (AC),11.0,2023-02-07,Active
CHG_00489,STN_0044,Level 2 (AC),11.0,2023-02-04,Active
CHG_00490,STN_0044,DC Ultra-Fast (150kW+),150.0,2023-03-25,Active
CHG_00491,STN_0044,DC Fast (50kW),50.0,2023-09-27,Maintenance
CHG_00492,STN_0044,Level 2 (AC),7.2,2023-03-24,Offline
CHG_00493,STN_0044,DC Ultra-Fast (150kW+),150.0,2023-10-02,Active
CHG_00494,STN_0044,Level 2 (AC),22.0,2023-07-25,Active
CHG_00495,STN_0044,Level 2 (AC),22.0,2023-05-01,Active
CHG_00496,STN_0044,DC Ultra-Fast (150kW+),150.0,2023-04-30,Active
CHG_00497,STN_0044,DC Fast (50kW),50.0,2023-10-13,Active
CHG_00498,STN_0044,DC Fast (50kW),50.0,2023-11-04,Active
CHG_00499,STN_0044,DC Fast (50kW),50.0,2023-08-15,Active
CHG_00500,STN_0044,DC Ultra-Fast (150kW+),150.0,2023-02-10,Active
CHG_00501,STN_0044,DC Hyper-Fast (350kW),350.0,2023-09-21,Active
CHG_00502,STN_0045,Level 2 (AC),11.0,2023-04-30,Active
CHG_00503,STN_0045,Level 2 (AC),7.2,2023-03-03,Active
CHG_00504,STN_0045,Level 2 (AC),22.0,2023-09-24,Offline
CHG_00505,STN_0045,DC Ultra-Fast (150kW+),150.0,2023-09-12,Active
CHG_00506,STN_0045,Level 2 (AC),7.2,2023-06-21,Active
CHG_00507,STN_0045,Level 2 (AC),7.2,2023-11-20,Active
CHG_00508,STN_0045,Level 2 (AC),7.2,2023-01-08,Active
CHG_00509,STN_0045,DC Fast (50kW),50.0,2023-11-28,Maintenance
CHG_00510,STN_0045,DC Fast (50kW),50.0,2023-01-15,Active
CHG_00511,STN_0046,DC Ultra-Fast (150kW+),150.0,2023-04-03,Active
CHG_00512,STN_0046,DC Hyper-Fast (350kW),350.0,2023-02-07,Active
CHG_00513,STN_0046,DC Ultra-Fast (150kW+),150.0,2023-05-12,Active
CHG_00514,STN_0046,Level 2 (AC),11.0,2023-03-17,Active
CHG_00515,STN_0046,DC Fast (50kW),50.0,2023-07-13,Active
CHG_00516,STN_0046,DC Fast (50kW),50.0,2023-12-27,Active
CHG_00517,STN_0046,DC Fast (50kW),50.0,2023-09-19,Active
CHG_00518,STN_0046,Level 2 (AC),7.2,2023-09-25,Active
CHG_00519,STN_0046,DC Hyper-Fast (350kW),350.0,2023-12-28,Offline
CHG_00520,STN_0046,Level 2 (AC),7.2,2023-12-21,Active
CHG_00521,STN_0046,DC Fast (50kW),50.0,2023-08-25,Active
CHG_00522,STN_0046,DC Fast (50kW),50.0,2023-07-08,Active
CHG_00523,STN_0046,Level 2 (AC),11.0,2023-05-16,Active
CHG_00524,STN_0046,Level 2 (AC),11.0,2023-10-22,Active
CHG_00525,STN_0046,DC Fast (50kW),50.0,2023-11-14,Active
CHG_00526,STN_0046,Level 2 (AC),7.2,2023-09-22,Active
CHG_00527,STN_0046,Level 2 (AC),7.2,2023-12-10,Active
CHG_00528,STN_0047,DC Ultra-Fast (150kW+),150.0,2023-07-02,Active
CHG_00529,STN_0047,DC Fast (50kW),50.0,2023-09-24,Active
CHG_00530,STN_0047,DC Fast (50kW),50.0,2023-05-07,Active
CHG_00531,STN_0047,Level 2 (AC),22.0,2023-11-28,Active
CHG_00532,STN_0047,DC Fast (50kW),50.0,2023-04-19,Active
CHG_00533,STN_0047,Level 2 (AC),7.2,2023-03-31,Maintenance
CHG_00534,STN_0047,DC Ultra-Fast (150kW+),150.0,2023-01-08,Active
CHG_00535,STN_0047,Level 2 (AC),11.0,2023-08-03,Active
CHG_00536,STN_0047,DC Ultra-Fast (150kW+),150.0,2023-05-26,Active
CHG_00537,STN_0047,Level 2 (AC),22.0,2023-03-23,Active
CHG_00538,STN_0047,DC Fast (50kW),50.0,2023-03-25,Maintenance
CHG_00539,STN_0047,DC Fast (50kW),50.0,2023-08-31,Active
CHG_00540,STN_0047,DC Hyper-Fast (350kW),350.0,2023-10-12,Active
CHG_00541,STN_0047,Level 2 (AC),22.0,2023-09-23,Active
CHG_00542,STN_0047,Level 2 (AC),7.2,2023-02-08,Active
CHG_00543,STN_0047,DC Ultra-Fast (150kW+),150.0,2023-06-04,Active
CHG_00544,STN_0047,DC Fast (50kW),50.0,2023-12-16,Active
CHG_00545,STN_0047,Level 2 (AC),11.0,2023-09-25,Active
CHG_00546,STN_0047,DC Fast (50kW),50.0,2023-10-28,Active
CHG_00547,STN_0048,DC Hyper-Fast (350kW),350.0,2023-03-03,Active
CHG_00548,STN_0048,Level 2 (AC),22.0,2023-10-21,Active
CHG_00549,STN_0048,DC Fast (50kW),50.0,2023-05-26,Active
CHG_00550,STN_0048,Level 2 (AC),7.2,2023-05-02,Active
CHG_00551,STN_0048,Level 2 (AC),22.0,2023-07-14,Active
CHG_00552,STN_0048,DC Hyper-Fast (350kW),350.0,2023-03-04,Active
CHG_00553,STN_0048,DC Ultra-Fast (150kW+),150.0,2023-06-09,Active
CHG_00554,STN_0048,DC Fast (50kW),50.0,2023-04-10,Active
CHG_00555,STN_0048,DC Fast (50kW),50.0,2023-10-17,Active
CHG_00556,STN_0048,DC Fast (50kW),50.0,2023-07-15,Active
CHG_00557,STN_0048,DC Ultra-Fast (150kW+),150.0,2023-02-16,Active
CHG_00558,STN_0048,Level 2 (AC),11.0,2023-05-06,Active
CHG_00559,STN_0048,Level 2 (AC),7.2,2023-06-25,Active
CHG_00560,STN_0048,DC Hyper-Fast (350kW),350.0,2023-11-17,Active
CHG_00561,STN_0048,Level 2 (AC),11.0,2023-11-21,Active
CHG_00562,STN_0049,DC Hyper-Fast (350kW),350.0,2023-03-08,Maintenance
CHG_00563,STN_0049,Level 2 (AC),22.0,2023-12-29,Active
CHG_00564,STN_0049,Level 2 (AC),11.0,2023-09-19,Active
CHG_00565,STN_0049,DC Fast (50kW),50.0,2023-01-30,Active
CHG_00566,STN_0049,DC Ultra-Fast (150kW+),150.0,2023-02-06,Maintenance
CHG_00567,STN_0049,Level 2 (AC),22.0,2023-05-14,Active
CHG_00568,STN_0049,DC Ultra-Fast (150kW+),150.0,2023-10-12,Active
CHG_00569,STN_0049,DC Hyper-Fast (350kW),350.0,2023-04-19,Offline
CHG_00570,STN_0050,DC Ultra-Fast (150kW+),150.0,2023-03-10,Active
CHG_00571,STN_0050,DC Fast (50kW),50.0,2023-06-11,Active
CHG_00572,STN_0050,Level 2 (AC),22.0,2023-02-11,Active
CHG_00573,STN_0050,DC Ultra-Fast (150kW+),150.0,2023-09-07,Active
CHG_00574,STN_0050,Level 2 (AC),7.2,2023-10-27,Active
CHG_00575,STN_0050,DC Fast (50kW),50.0,2023-04-02,Active
CHG_00576,STN_0050,DC Hyper-Fast (350kW),350.0,2023-04-21,Active
CHG_00577,STN_0050,Level 2 (AC),7.2,2023-09-30,Active
CHG_00578,STN_0051,Level 2 (AC),11.0,2023-09-06,Active
CHG_00579,STN_0051,DC Fast (50kW),50.0,2023-12-07,Active
CHG_00580,STN_0051,DC Ultra-Fast (150kW+),150.0,2023-04-11,Active
CHG_00581,STN_0051,Level 2 (AC),22.0,2023-04-27,Active
CHG_00582,STN_0051,Level 2 (AC),22.0,2023-05-20,Active
CHG_00583,STN_0051,DC Ultra-Fast (150kW+),150.0,2023-01-05,Active
CHG_00584,STN_0051,Level 2 (AC),11.0,2023-01-12,Maintenance
CHG_00585,STN_0051,DC Hyper-Fast (350kW),350.0,2023-06-03,Offline
CHG_00586,STN_0051,DC Fast (50kW),50.0,2023-12-18,Active
CHG_00587,STN_0051,Level 2 (AC),11.0,2023-03-16,Active
CHG_00588,STN_0051,DC Ultra-Fast (150kW+),150.0,2023-07-22,Maintenance
CHG_00589,STN_0051,Level 2 (AC),7.2,2023-06-28,Active
CHG_00590,STN_0051,DC Fast (50kW),50.0,2023-04-02,Active
CHG_00591,STN_0052,DC Ultra-Fast (150kW+),150.0,2023-09-17,Active
CHG_00592,STN_0052,DC Fast (50kW),50.0,2023-11-25,Active
CHG_00593,STN_0052,Level 2 (AC),7.2,2023-08-13,Active
CHG_00594,STN_0052,Level 2 (AC),11.0,2023-11-19,Active
CHG_00595,STN_0052,DC Fast (50kW),50.0,2023-07-08,Maintenance
CHG_00596,STN_0052,Level 2 (AC),11.0,2023-12-15,Active
CHG_00597,STN_0052,DC Ultra-Fast (150kW+),150.0,2023-10-25,Active
CHG_00598,STN_0052,DC Fast (50kW),50.0,2023-07-23,Active
CHG_00599,STN_0052,Level 2 (AC),11.0,2023-02-26,Active
CHG_00600,STN_0052,DC Hyper-Fast (350kW),350.0,2023-09-21,Offline
CHG_00601,STN_0052,Level 2 (AC),11.0,2023-05-15,Active
CHG_00602,STN_0052,Level 2 (AC),7.2,2023-01-01,Active
CHG_00603,STN_0052,Level 2 (AC),7.2,2023-07-07,Active
CHG_00604,STN_0052,DC Ultra-Fast (150kW+),150.0,2023-06-13,Active
CHG_00605,STN_0052,Level 2 (AC),22.0,2023-09-22,Active
CHG_00606,STN_0052,Level 2 (AC),11.0,2023-12-24,Active
CHG_00607,STN_0052,DC Fast (50kW),50.0,2023-07-07,Active
CHG_00608,STN_0052,DC Fast (50kW),50.0,2023-02-14,Maintenance
CHG_00609,STN_0052,DC Fast (50kW),50.0,2023-01-16,Active
CHG_00610,STN_0053,Level 2 (AC),11.0,2023-08-22,Active
CHG_00611,STN_0053,DC Fast (50kW),50.0,2023-11-18,Active
CHG_00612,STN_0053,DC Fast (50kW),50.0,2023-04-21,Active
CHG_00613,STN_0053,DC Ultra-Fast (150kW+),150.0,2023-08-03,Maintenance
CHG_00614,STN_0053,DC Fast (50kW),50.0,2023-01-27,Active
CHG_00615,STN_0053,DC Fast (50kW),50.0,2023-10-22,Active
CHG_00616,STN_0053,DC Fast (50kW),50.0,2023-09-26,Active
CHG_00617,STN_0053,Level 2 (AC),7.2,2023-10-08,Active
CHG_00618,STN_0053,DC Ultra-Fast (150kW+),150.0,2023-01-23,Active
CHG_00619,STN_0053,DC Fast (50kW),50.0,2023-02-23,Active
CHG_00620,STN_0053,DC Fast (50kW),50.0,2023-01-14,Active
CHG_00621,STN_0053,Level 2 (AC),7.2,2023-12-01,Active
CHG_00622,STN_0053,DC Fast (50kW),50.0,2023-07-24,Maintenance
CHG_00623,STN_0054,DC Ultra-Fast (150kW+),150.0,2023-01-12,Active
CHG_00624,STN_0054,Level 2 (AC),11.0,2023-09-05,Active
CHG_00625,STN_0054,Level 2 (AC),7.2,2023-03-20,Active
CHG_00626,STN_0054,Level 2 (AC),7.2,2023-06-03,Active
CHG_00627,STN_0054,DC Fast (50kW),50.0,2023-07-28,Active
CHG_00628,STN_0054,DC Ultra-Fast (150kW+),150.0,2023-11-21,Maintenance
CHG_00629,STN_0054,Level 2 (AC),22.0,2023-05-01,Active
CHG_00630,STN_0054,Level 2 (AC),22.0,2023-06-11,Active
CHG_00631,STN_0054,DC Ultra-Fast (150kW+),150.0,2023-11-03,Active
CHG_00632,STN_0054,DC Hyper-Fast (350kW),350.0,2023-04-22,Maintenance
CHG_00633,STN_0054,DC Fast (50kW),50.0,2023-07-05,Active
CHG_00634,STN_0054,DC Fast (50kW),50.0,2023-11-12,Active
CHG_00635,STN_0054,DC Ultra-Fast (150kW+),150.0,2023-06-24,Active
CHG_00636,STN_0054,DC Ultra-Fast (150kW+),150.0,2023-01-13,Active
CHG_00637,STN_0054,Level 2 (AC),22.0,2023-09-30,Active
CHG_00638,STN_0054,DC Hyper-Fast (350kW),350.0,2023-07-20,Active
CHG_00639,STN_0055,DC Ultra-Fast (150kW+),150.0,2023-05-20,Offline
CHG_00640,STN_0055,Level 2 (AC),11.0,2023-10-31,Active
CHG_00641,STN_0055,DC Ultra-Fast (150kW+),150.0,2023-12-21,Active
CHG_00642,STN_0055,Level 2 (AC),11.0,2023-08-15,Active
CHG_00643,STN_0055,Level 2 (AC),7.2,2023-01-13,Active
CHG_00644,STN_0055,DC Ultra-Fast (150kW+),150.0,2023-01-31,Active
CHG_00645,STN_0055,Level 2 (AC),11.0,2023-11-06,Active
CHG_00646,STN_0055,Level 2 (AC),7.2,2023-12-09,Active
CHG_00647,STN_0055,Level 2 (AC),22.0,2023-10-19,Active
CHG_00648,STN_0055,Level 2 (AC),7.2,2023-01-28,Active
CHG_00649,STN_0055,Level 2 (AC),7.2,2023-09-09,Active
CHG_00650,STN_0055,DC Fast (50kW),50.0,2023-02-18,Active
CHG_00651,STN_0055,DC Fast (50kW),50.0,2023-02-13,Active
CHG_00652,STN_0055,DC Fast (50kW),50.0,2023-01-13,Active
CHG_00653,STN_0055,Level 2 (AC),11.0,2023-12-03,Active
CHG_00654,STN_0056,DC Fast (50kW),50.0,2023-04-21,Active
CHG_00655,STN_0056,DC Hyper-Fast (350kW),350.0,2023-01-24,Active
CHG_00656,STN_0056,DC Ultra-Fast (150kW+),150.0,2023-07-07,Active
CHG_00657,STN_0056,DC Ultra-Fast (150kW+),150.0,2023-04-29,Active
CHG_00658,STN_0056,DC Ultra-Fast (150kW+),150.0,2023-04-14,Active
CHG_00659,STN_0056,DC Ultra-Fast (150kW+),150.0,2023-06-30,Active
CHG_00660,STN_0056,Level 2 (AC),7.2,2023-06-11,Active
CHG_00661,STN_0056,DC Fast (50kW),50.0,2023-08-12,Active
CHG_00662,STN_0056,DC Ultra-Fast (150kW+),150.0,2023-01-07,Active
CHG_00663,STN_0056,Level 2 (AC),22.0,2023-05-15,Active
CHG_00664,STN_0056,DC Fast (50kW),50.0,2023-06-09,Active
CHG_00665,STN_0056,DC Ultra-Fast (150kW+),150.0,2023-08-05,Active
CHG_00666,STN_0056,Level 2 (AC),22.0,2023-05-12,Active
CHG_00667,STN_0056,DC Ultra-Fast (150kW+),150.0,2023-06-06,Active
CHG_00668,STN_0056,DC Fast (50kW),50.0,2023-03-20,Active
CHG_00669,STN_0056,DC Fast (50kW),50.0,2023-01-04,Maintenance
CHG_00670,STN_0056,DC Hyper-Fast (350kW),350.0,2023-05-13,Active
CHG_00671,STN_0056,DC Fast (50kW),50.0,2023-11-27,Maintenance
CHG_00672,STN_0056,Level 2 (AC),7.2,2023-01-17,Active
CHG_00673,STN_0057,Level 2 (AC),11.0,2023-01-26,Active
CHG_00674,STN_0057,Level 2 (AC),22.0,2023-09-24,Offline
CHG_00675,STN_0057,DC Fast (50kW),50.0,2023-03-09,Active
CHG_00676,STN_0057,DC Fast (50kW),50.0,2023-11-17,Active
CHG_00677,STN_0057,DC Hyper-Fast (350kW),350.0,2023-08-04,Active
CHG_00678,STN_0057,DC Fast (50kW),50.0,2023-06-08,Active
CHG_00679,STN_0057,Level 2 (AC),7.2,2023-01-05,Active
CHG_00680,STN_0057,Level 2 (AC),11.0,2023-06-10,Maintenance
CHG_00681,STN_0057,DC Fast (50kW),50.0,2023-01-15,Active
CHG_00682,STN_0057,DC Hyper-Fast (350kW),350.0,2023-02-15,Active
CHG_00683,STN_0057,Level 2 (AC),11.0,2023-07-29,Active
CHG_00684,STN_0057,Level 2 (AC),22.0,2023-08-10,Active
CHG_00685,STN_0057,DC Ultra-Fast (150kW+),150.0,2023-01-08,Active
CHG_00686,STN_0057,Level 2 (AC),7.2,2023-07-28,Offline
CHG_00687,STN_0057,DC Ultra-Fast (150kW+),150.0,2023-01-11,Active
CHG_00688,STN_0057,DC Fast (50kW),50.0,2023-06-18,Active
CHG_00689,STN_0057,DC Hyper-Fast (350kW),350.0,2023-02-17,Active
CHG_00690,STN_0057,DC Hyper-Fast (350kW),350.0,2023-11-28,Active
CHG_00691,STN_0058,DC Fast (50kW),50.0,2023-01-19,Active
CHG_00692,STN_0058,Level 2 (AC),11.0,2023-06-03,Active
CHG_00693,STN_0058,DC Ultra-Fast (150kW+),150.0,2023-10-12,Maintenance
CHG_00694,STN_0058,DC Hyper-Fast (350kW),350.0,2023-04-17,Active
CHG_00695,STN_0058,DC Hyper-Fast (350kW),350.0,2023-09-04,Active
CHG_00696,STN_0058,DC Ultra-Fast (150kW+),150.0,2023-12-18,Active
CHG_00697,STN_0058,Level 2 (AC),22.0,2023-02-08,Active
CHG_00698,STN_0058,DC Hyper-Fast (350kW),350.0,2023-08-30,Active
CHG_00699,STN_0058,DC Fast (50kW),50.0,2023-05-17,Active
CHG_00700,STN_0058,DC Ultra-Fast (150kW+),150.0,2023-06-05,Active
CHG_00701,STN_0058,DC Fast (50kW),50.0,2023-08-04,Active
CHG_00702,STN_0058,Level 2 (AC),22.0,2023-04-01,Active
CHG_00703,STN_0058,Level 2 (AC),7.2,2023-12-30,Active
CHG_00704,STN_0059,Level 2 (AC),7.2,2023-09-05,Offline
CHG_00705,STN_0059,DC Hyper-Fast (350kW),350.0,2023-05-09,Active
CHG_00706,STN_0059,DC Ultra-Fast (150kW+),150.0,2023-08-29,Active
CHG_00707,STN_0059,Level 2 (AC),11.0,2023-06-12,Active
CHG_00708,STN_0059,DC Fast (50kW),50.0,2023-12-12,Active
CHG_00709,STN_0059,DC Ultra-Fast (150kW+),150.0,2023-04-26,Active
CHG_00710,STN_0059,DC Fast (50kW),50.0,2023-03-23,Active
CHG_00711,STN_0059,Level 2 (AC),11.0,2023-06-03,Maintenance
CHG_00712,STN_0059,Level 2 (AC),11.0,2023-11-11,Active
CHG_00713,STN_0059,Level 2 (AC),11.0,2023-07-12,Active
CHG_00714,STN_0059,DC Ultra-Fast (150kW+),150.0,2023-08-25,Active
CHG_00715,STN_0060,DC Fast (50kW),50.0,2023-09-13,Active
CHG_00716,STN_0060,DC Fast (50kW),50.0,2023-04-09,Active
CHG_00717,STN_0060,DC Ultra-Fast (150kW+),150.0,2023-04-19,Active
CHG_00718,STN_0060,DC Ultra-Fast (150kW+),150.0,2023-11-23,Active
CHG_00719,STN_0060,DC Fast (50kW),50.0,2023-05-12,Active
CHG_00720,STN_0060,DC Ultra-Fast (150kW+),150.0,2023-08-30,Active
CHG_00721,STN_0060,DC Fast (50kW),50.0,2023-02-10,Active
CHG_00722,STN_0060,DC Fast (50kW),50.0,2023-02-15,Active
CHG_00723,STN_0060,Level 2 (AC),11.0,2023-09-28,Active
CHG_00724,STN_0060,DC Fast (50kW),50.0,2023-10-07,Active
CHG_00725,STN_0060,Level 2 (AC),11.0,2023-01-24,Active
CHG_00726,STN_0060,DC Ultra-Fast (150kW+),150.0,2023-10-17,Active
CHG_00727,STN_0060,DC Fast (50kW),50.0,2023-09-05,Active
CHG_00728,STN_0060,DC Hyper-Fast (350kW),350.0,2023-12-17,Active
CHG_00729,STN_0060,DC Ultra-Fast (150kW+),150.0,2023-11-09,Active
CHG_00730,STN_0060,Level 2 (AC),11.0,2023-12-23,Active
CHG_00731,STN_0061,Level 2 (AC),22.0,2023-03-26,Active
CHG_00732,STN_0061,Level 2 (AC),22.0,2023-12-08,Active
CHG_00733,STN_0061,DC Hyper-Fast (350kW),350.0,2023-02-07,Active
CHG_00734,STN_0061,DC Fast (50kW),50.0,2023-06-18,Active
CHG_00735,STN_0061,DC Fast (50kW),50.0,2023-11-02,Active
CHG_00736,STN_0061,DC Ultra-Fast (150kW+),150.0,2023-04-22,Active
CHG_00737,STN_0061,Level 2 (AC),11.0,2023-02-16,Active
CHG_00738,STN_0061,DC Hyper-Fast (350kW),350.0,2023-01-22,Active
CHG_00739,STN_0061,DC Fast (50kW),50.0,2023-08-29,Active
CHG_00740,STN_0061,DC Fast (50kW),50.0,2023-07-21,Active
CHG_00741,STN_0061,Level 2 (AC),11.0,2023-01-09,Active
CHG_00742,STN_0061,DC Fast (50kW),50.0,2023-08-02,Active
CHG_00743,STN_0061,DC Fast (50kW),50.0,2023-04-21,Active
CHG_00744,STN_0061,DC Ultra-Fast (150kW+),150.0,2023-04-12,Active
CHG_00745,STN_0061,DC Ultra-Fast (150kW+),150.0,2023-02-20,Active
CHG_00746,STN_0061,DC Hyper-Fast (350kW),350.0,2023-03-29,Active
CHG_00747,STN_0061,Level 2 (AC),22.0,2023-07-17,Maintenance
CHG_00748,STN_0061,DC Fast (50kW),50.0,2023-06-16,Active
CHG_00749,STN_0061,Level 2 (AC),11.0,2023-09-08,Active
CHG_00750,STN_0062,Level 2 (AC),11.0,2023-09-19,Active
CHG_00751,STN_0062,Level 2 (AC),7.2,2023-03-04,Active
CHG_00752,STN_0062,DC Fast (50kW),50.0,2023-04-19,Maintenance
CHG_00753,STN_0062,DC Fast (50kW),50.0,2023-09-28,Active
CHG_00754,STN_0062,Level 2 (AC),11.0,2023-12-05,Active
CHG_00755,STN_0062,Level 2 (AC),11.0,2023-11-10,Active
CHG_00756,STN_0062,DC Ultra-Fast (150kW+),150.0,2023-09-04,Active
CHG_00757,STN_0062,DC Ultra-Fast (150kW+),150.0,2023-12-05,Active
CHG_00758,STN_0062,DC Fast (50kW),50.0,2023-06-17,Active
CHG_00759,STN_0062,DC Fast (50kW),50.0,2023-10-10,Active
CHG_00760,STN_0062,Level 2 (AC),11.0,2023-05-27,Active
CHG_00761,STN_0062,Level 2 (AC),11.0,2023-03-30,Active
CHG_00762,STN_0062,Level 2 (AC),22.0,2023-01-02,Active
CHG_00763,STN_0062,DC Fast (50kW),50.0,2023-11-24,Active
CHG_00764,STN_0062,DC Fast (50kW),50.0,2023-04-24,Active
CHG_00765,STN_0062,DC Hyper-Fast (350kW),350.0,2023-07-29,Active
CHG_00766,STN_0062,Level 2 (AC),7.2,2023-04-23,Active
CHG_00767,STN_0062,Level 2 (AC),7.2,2023-10-10,Active
CHG_00768,STN_0063,DC Hyper-Fast (350kW),350.0,2023-01-05,Active
CHG_00769,STN_0063,DC Fast (50kW),50.0,2023-04-28,Active
CHG_00770,STN_0063,Level 2 (AC),11.0,2023-01-19,Active
CHG_00771,STN_0063,Level 2 (AC),11.0,2023-02-16,Active
CHG_00772,STN_0063,DC Hyper-Fast (350kW),350.0,2023-03-25,Active
CHG_00773,STN_0063,DC Fast (50kW),50.0,2023-01-14,Active
CHG_00774,STN_0063,DC Ultra-Fast (150kW+),150.0,2023-09-05,Offline
CHG_00775,STN_0063,Level 2 (AC),22.0,2023-07-21,Maintenance
CHG_00776,STN_0063,Level 2 (AC),11.0,2023-06-06,Offline
CHG_00777,STN_0063,Level 2 (AC),11.0,2023-11-21,Offline
CHG_00778,STN_0063,DC Fast (50kW),50.0,2023-03-23,Active
CHG_00779,STN_0063,DC Fast (50kW),50.0,2023-08-07,Active
CHG_00780,STN_0063,Level 2 (AC),22.0,2023-09-23,Active
CHG_00781,STN_0063,DC Ultra-Fast (150kW+),150.0,2023-01-02,Active
CHG_00782,STN_0063,DC Fast (50kW),50.0,2023-01-22,Active
CHG_00783,STN_0063,DC Fast (50kW),50.0,2023-08-07,Active
CHG_00784,STN_0063,DC Hyper-Fast (350kW),350.0,2023-02-10,Active
CHG_00785,STN_0064,DC Fast (50kW),50.0,2023-03-25,Active
CHG_00786,STN_0064,DC Fast (50kW),50.0,2023-11-05,Active
CHG_00787,STN_0064,DC Hyper-Fast (350kW),350.0,2023-07-26,Active
CHG_00788,STN_0064,DC Fast (50kW),50.0,2023-12-18,Active
CHG_00789,STN_0065,Level 2 (AC),22.0,2023-09-15,Active
CHG_00790,STN_0065,DC Hyper-Fast (350kW),350.0,2023-06-03,Active
CHG_00791,STN_0065,DC Fast (50kW),50.0,2023-11-11,Active
CHG_00792,STN_0065,DC Ultra-Fast (150kW+),150.0,2023-09-05,Active
CHG_00793,STN_0065,DC Ultra-Fast (150kW+),150.0,2023-01-25,Active
CHG_00794,STN_0065,DC Fast (50kW),50.0,2023-10-28,Active
CHG_00795,STN_0065,Level 2 (AC),22.0,2023-05-18,Active
CHG_00796,STN_0065,DC Ultra-Fast (150kW+),150.0,2023-04-16,Active
CHG_00797,STN_0065,Level 2 (AC),11.0,2023-05-25,Active
CHG_00798,STN_0065,DC Ultra-Fast (150kW+),150.0,2023-06-27,Active
CHG_00799,STN_0065,DC Ultra-Fast (150kW+),150.0,2023-05-07,Active
CHG_00800,STN_0065,DC Ultra-Fast (150kW+),150.0,2023-05-12,Active
CHG_00801,STN_0065,DC Ultra-Fast (150kW+),150.0,2023-09-05,Active
CHG_00802,STN_0065,DC Fast (50kW),50.0,2023-02-10,Active
CHG_00803,STN_0065,DC Ultra-Fast (150kW+),150.0,2023-06-17,Active
CHG_00804,STN_0065,DC Ultra-Fast (150kW+),150.0,2023-04-21,Active
CHG_00805,STN_0066,Level 2 (AC),22.0,2023-08-13,Active
CHG_00806,STN_0066,Level 2 (AC),11.0,2023-10-23,Active
CHG_00807,STN_0066,DC Fast (50kW),50.0,2023-11-14,Active
CHG_00808,STN_0066,DC Fast (50kW),50.0,2023-12-04,Active
CHG_00809,STN_0066,Level 2 (AC),11.0,2023-02-07,Active
CHG_00810,STN_0066,DC Fast (50kW),50.0,2023-11-15,Active
CHG_00811,STN_0066,Level 2 (AC),11.0,2023-12-24,Active
CHG_00812,STN_0066,DC Ultra-Fast (150kW+),150.0,2023-08-26,Active
CHG_00813,STN_0066,DC Ultra-Fast (150kW+),150.0,2023-07-28,Maintenance
CHG_00814,STN_0066,DC Fast (50kW),50.0,2023-12-11,Active
CHG_00815,STN_0066,DC Ultra-Fast (150kW+),150.0,2023-12-19,Active
CHG_00816,STN_0066,DC Fast (50kW),50.0,2023-02-25,Active
CHG_00817,STN_0066,DC Fast (50kW),50.0,2023-02-27,Active
CHG_00818,STN_0066,DC Ultra-Fast (150kW+),150.0,2023-06-17,Active
CHG_00819,STN_0066,DC Fast (50kW),50.0,2023-02-06,Active
CHG_00820,STN_0067,DC Fast (50kW),50.0,2023-03-04,Active
CHG_00821,STN_0067,DC Fast (50kW),50.0,2023-07-04,Active
CHG_00822,STN_0067,DC Fast (50kW),50.0,2023-05-15,Active
CHG_00823,STN_0067,DC Fast (50kW),50.0,2023-11-20,Active
CHG_00824,STN_0067,Level 2 (AC),22.0,2023-08-30,Active
CHG_00825,STN_0067,DC Hyper-Fast (350kW),350.0,2023-12-07,Active
CHG_00826,STN_0067,Level 2 (AC),11.0,2023-12-14,Active
CHG_00827,STN_0067,DC Ultra-Fast (150kW+),150.0,2023-04-19,Active
CHG_00828,STN_0067,DC Fast (50kW),50.0,2023-03-10,Active
CHG_00829,STN_0067,DC Hyper-Fast (350kW),350.0,2023-10-10,Active
CHG_00830,STN_0067,DC Fast (50kW),50.0,2023-10-04,Active
CHG_00831,STN_0067,Level 2 (AC),7.2,2023-08-25,Active
CHG_00832,STN_0067,DC Hyper-Fast (350kW),350.0,2023-12-18,Active
CHG_00833,STN_0067,DC Fast (50kW),50.0,2023-06-26,Active
CHG_00834,STN_0067,DC Hyper-Fast (350kW),350.0,2023-04-07,Active
CHG_00835,STN_0068,DC Hyper-Fast (350kW),350.0,2023-01-06,Active
CHG_00836,STN_0068,DC Fast (50kW),50.0,2023-05-30,Active
CHG_00837,STN_0068,DC Ultra-Fast (150kW+),150.0,2023-03-28,Active
CHG_00838,STN_0068,DC Ultra-Fast (150kW+),150.0,2023-11-09,Active
CHG_00839,STN_0068,Level 2 (AC),22.0,2023-06-14,Active
CHG_00840,STN_0068,DC Ultra-Fast (150kW+),150.0,2023-04-22,Active
CHG_00841,STN_0068,Level 2 (AC),7.2,2023-05-14,Active
CHG_00842,STN_0068,Level 2 (AC),11.0,2023-10-16,Active
CHG_00843,STN_0068,DC Fast (50kW),50.0,2023-05-02,Active
CHG_00844,STN_0068,Level 2 (AC),11.0,2023-07-20,Active
CHG_00845,STN_0068,Level 2 (AC),22.0,2023-09-04,Active
CHG_00846,STN_0068,Level 2 (AC),11.0,2023-06-01,Active
CHG_00847,STN_0068,DC Fast (50kW),50.0,2023-06-24,Active
CHG_00848,STN_0068,DC Ultra-Fast (150kW+),150.0,2023-07-14,Active
CHG_00849,STN_0068,DC Ultra-Fast (150kW+),150.0,2023-12-20,Active
CHG_00850,STN_0069,DC Ultra-Fast (150kW+),150.0,2023-04-03,Active
CHG_00851,STN_0069,Level 2 (AC),7.2,2023-09-02,Active
CHG_00852,STN_0069,Level 2 (AC),11.0,2023-01-17,Active
CHG_00853,STN_0069,Level 2 (AC),7.2,2023-01-07,Active
CHG_00854,STN_0069,DC Hyper-Fast (350kW),350.0,2023-07-12,Active
CHG_00855,STN_0069,DC Ultra-Fast (150kW+),150.0,2023-01-25,Active
CHG_00856,STN_0069,DC Fast (50kW),50.0,2023-01-29,Active
CHG_00857,STN_0069,DC Fast (50kW),50.0,2023-05-24,Active
CHG_00858,STN_0069,DC Ultra-Fast (150kW+),150.0,2023-04-30,Active
CHG_00859,STN_0069,DC Fast (50kW),50.0,2023-03-27,Active
CHG_00860,STN_0069,DC Fast (50kW),50.0,2023-04-28,Active
CHG_00861,STN_0069,DC Fast (50kW),50.0,2023-12-05,Active
CHG_00862,STN_0069,DC Fast (50kW),50.0,2023-09-28,Active
CHG_00863,STN_0069,Level 2 (AC),11.0,2023-02-26,Active
CHG_00864,STN_0069,DC Hyper-Fast (350kW),350.0,2023-02-17,Active
CHG_00865,STN_0069,Level 2 (AC),11.0,2023-07-23,Active
CHG_00866,STN_0069,DC Ultra-Fast (150kW+),150.0,2023-12-01,Active
CHG_00867,STN_0070,DC Fast (50kW),50.0,2023-06-22,Active
CHG_00868,STN_0070,DC Fast (50kW),50.0,2023-12-01,Active
CHG_00869,STN_0070,DC Hyper-Fast (350kW),350.0,2023-08-22,Active
CHG_00870,STN_0070,Level 2 (AC),11.0,2023-07-25,Active
CHG_00871,STN_0070,Level 2 (AC),11.0,2023-05-12,Active
CHG_00872,STN_0071,DC Ultra-Fast (150kW+),150.0,2023-05-02,Active
CHG_00873,STN_0071,DC Hyper-Fast (350kW),350.0,2023-08-23,Active
CHG_00874,STN_0071,DC Ultra-Fast (150kW+),150.0,2023-12-14,Active
CHG_00875,STN_0071,Level 2 (AC),22.0,2023-02-17,Active
CHG_00876,STN_0071,DC Ultra-Fast (150kW+),150.0,2023-09-07,Active
CHG_00877,STN_0071,DC Fast (50kW),50.0,2023-11-14,Active
CHG_00878,STN_0071,DC Fast (50kW),50.0,2023-07-28,Active
CHG_00879,STN_0071,Level 2 (AC),7.2,2023-02-28,Active
CHG_00880,STN_0071,Level 2 (AC),11.0,2023-08-03,Active
CHG_00881,STN_0071,DC Fast (50kW),50.0,2023-12-12,Active
CHG_00882,STN_0071,DC Fast (50kW),50.0,2023-03-03,Active
CHG_00883,STN_0072,DC Fast (50kW),50.0,2023-09-26,Active
CHG_00884,STN_0072,Level 2 (AC),22.0,2023-11-09,Active
CHG_00885,STN_0072,Level 2 (AC),11.0,2023-08-10,Maintenance
CHG_00886,STN_0072,DC Fast (50kW),50.0,2023-07-26,Active
CHG_00887,STN_0073,DC Fast (50kW),50.0,2023-06-27,Active
CHG_00888,STN_0073,DC Ultra-Fast (150kW+),150.0,2023-05-26,Maintenance
CHG_00889,STN_0073,DC Fast (50kW),50.0,2023-03-03,Active
CHG_00890,STN_0073,Level 2 (AC),11.0,2023-08-10,Active
CHG_00891,STN_0073,DC Fast (50kW),50.0,2023-06-05,Active
CHG_00892,STN_0073,Level 2 (AC),22.0,2023-12-22,Active
CHG_00893,STN_0074,Level 2 (AC),7.2,2023-07-26,Active
CHG_00894,STN_0074,DC Ultra-Fast (150kW+),150.0,2023-11-22,Active
CHG_00895,STN_0074,DC Ultra-Fast (150kW+),150.0,2023-12-06,Active
CHG_00896,STN_0074,DC Fast (50kW),50.0,2023-09-14,Active
CHG_00897,STN_0074,Level 2 (AC),7.2,2023-04-06,Active
CHG_00898,STN_0074,DC Fast (50kW),50.0,2023-04-30,Active
CHG_00899,STN_0075,DC Ultra-Fast (150kW+),150.0,2023-08-05,Active
CHG_00900,STN_0075,DC Ultra-Fast (150kW+),150.0,2023-08-20,Active
CHG_00901,STN_0075,DC Fast (50kW),50.0,2023-03-18,Active
CHG_00902,STN_0075,DC Ultra-Fast (150kW+),150.0,2023-11-27,Active
CHG_00903,STN_0075,DC Ultra-Fast (150kW+),150.0,2023-02-07,Active
CHG_00904,STN_0075,DC Hyper-Fast (350kW),350.0,2023-10-26,Maintenance
CHG_00905,STN_0075,DC Ultra-Fast (150kW+),150.0,2023-03-02,Active
CHG_00906,STN_0075,DC Hyper-Fast (350kW),350.0,2023-06-12,Active
CHG_00907,STN_0075,Level 2 (AC),7.2,2023-10-18,Active
CHG_00908,STN_0075,Level 2 (AC),22.0,2023-10-31,Active
CHG_00909,STN_0075,Level 2 (AC),22.0,2023-04-24,Active
CHG_00910,STN_0075,Level 2 (AC),22.0,2023-07-26,Active
CHG_00911,STN_0075,Level 2 (AC),22.0,2023-07-27,Active
CHG_00912,STN_0075,DC Fast (50kW),50.0,2023-12-05,Active
CHG_00913,STN_0075,DC Hyper-Fast (350kW),350.0,2023-01-19,Active
CHG_00914,STN_0076,DC Ultra-Fast (150kW+),150.0,2023-06-02,Active
CHG_00915,STN_0076,DC Fast (50kW),50.0,2023-05-19,Maintenance
CHG_00916,STN_0076,Level 2 (AC),7.2,2023-07-10,Active
CHG_00917,STN_0076,DC Hyper-Fast (350kW),350.0,2023-09-25,Active
CHG_00918,STN_0077,DC Ultra-Fast (150kW+),150.0,2023-06-19,Active
CHG_00919,STN_0077,DC Fast (50kW),50.0,2023-07-22,Maintenance
CHG_00920,STN_0077,DC Ultra-Fast (150kW+),150.0,2023-06-04,Active
CHG_00921,STN_0077,Level 2 (AC),22.0,2023-03-16,Active
CHG_00922,STN_0077,DC Fast (50kW),50.0,2023-02-28,Active
CHG_00923,STN_0077,DC Fast (50kW),50.0,2023-12-05,Active
CHG_00924,STN_0078,DC Ultra-Fast (150kW+),150.0,2023-07-12,Active
CHG_00925,STN_0078,DC Ultra-Fast (150kW+),150.0,2023-08-02,Active
CHG_00926,STN_0078,DC Fast (50kW),50.0,2023-05-22,Active
CHG_00927,STN_0078,DC Fast (50kW),50.0,2023-02-28,Active
CHG_00928,STN_0078,DC Ultra-Fast (150kW+),150.0,2023-04-28,Active
CHG_00929,STN_0078,DC Hyper-Fast (350kW),350.0,2023-06-05,Active
CHG_00930,STN_0078,DC Fast (50kW),50.0,2023-11-18,Active
CHG_00931,STN_0078,Level 2 (AC),11.0,2023-01-26,Active
CHG_00932,STN_0078,Level 2 (AC),22.0,2023-05-30,Active
CHG_00933,STN_0078,Level 2 (AC),11.0,2023-07-28,Active
CHG_00934,STN_0078,DC Ultra-Fast (150kW+),150.0,2023-05-24,Active
CHG_00935,STN_0078,DC Fast (50kW),50.0,2023-02-14,Offline
CHG_00936,STN_0078,DC Fast (50kW),50.0,2023-06-04,Active
CHG_00937,STN_0078,Level 2 (AC),22.0,2023-03-14,Offline
CHG_00938,STN_0078,Level 2 (AC),11.0,2023-08-27,Active
CHG_00939,STN_0078,DC Fast (50kW),50.0,2023-07-26,Active
CHG_00940,STN_0079,Level 2 (AC),22.0,2023-11-05,Offline
CHG_00941,STN_0079,DC Ultra-Fast (150kW+),150.0,2023-03-05,Active
CHG_00942,STN_0079,Level 2 (AC),11.0,2023-01-11,Active
CHG_00943,STN_0079,DC Fast (50kW),50.0,2023-02-27,Active
CHG_00944,STN_0079,DC Fast (50kW),50.0,2023-12-24,Maintenance
CHG_00945,STN_0079,Level 2 (AC),22.0,2023-03-25,Offline
CHG_00946,STN_0079,DC Ultra-Fast (150kW+),150.0,2023-10-23,Active
CHG_00947,STN_0079,Level 2 (AC),22.0,2023-12-26,Active
CHG_00948,STN_0080,DC Fast (50kW),50.0,2023-04-03,Active
CHG_00949,STN_0080,Level 2 (AC),22.0,2023-01-28,Active
CHG_00950,STN_0080,DC Fast (50kW),50.0,2023-02-05,Active
CHG_00951,STN_0080,DC Ultra-Fast (150kW+),150.0,2023-08-11,Active
CHG_00952,STN_0080,Level 2 (AC),22.0,2023-10-05,Active
CHG_00953,STN_0081,Level 2 (AC),11.0,2023-04-06,Active
CHG_00954,STN_0081,DC Fast (50kW),50.0,2023-09-23,Active
CHG_00955,STN_0081,Level 2 (AC),22.0,2023-04-22,Active
CHG_00956,STN_0081,DC Ultra-Fast (150kW+),150.0,2023-03-06,Active
CHG_00957,STN_0081,Level 2 (AC),7.2,2023-04-16,Active
CHG_00958,STN_0081,Level 2 (AC),11.0,2023-03-30,Active
CHG_00959,STN_0081,DC Fast (50kW),50.0,2023-04-16,Active
CHG_00960,STN_0081,DC Fast (50kW),50.0,2023-06-16,Active
CHG_00961,STN_0081,DC Ultra-Fast (150kW+),150.0,2023-02-09,Active
CHG_00962,STN_0081,Level 2 (AC),11.0,2023-11-29,Active
CHG_00963,STN_0081,DC Fast (50kW),50.0,2023-02-07,Active
CHG_00964,STN_0081,Level 2 (AC),22.0,2023-02-17,Active
CHG_00965,STN_0081,Level 2 (AC),22.0,2023-12-11,Active
CHG_00966,STN_0081,DC Hyper-Fast (350kW),350.0,2023-12-31,Maintenance
CHG_00967,STN_0081,Level 2 (AC),22.0,2023-03-18,Active
CHG_00968,STN_0082,DC Fast (50kW),50.0,2023-04-05,Active
CHG_00969,STN_0082,DC Hyper-Fast (350kW),350.0,2023-03-13,Active
CHG_00970,STN_0082,DC Fast (50kW),50.0,2023-07-10,Active
CHG_00971,STN_0082,Level 2 (AC),11.0,2023-05-11,Active
CHG_00972,STN_0083,DC Ultra-Fast (150kW+),150.0,2023-04-06,Maintenance
CHG_00973,STN_0083,DC Hyper-Fast (350kW),350.0,2023-03-13,Active
CHG_00974,STN_0083,DC Ultra-Fast (150kW+),150.0,2023-02-01,Active
CHG_00975,STN_0083,Level 2 (AC),22.0,2023-03-17,Active
CHG_00976,STN_0083,DC Ultra-Fast (150kW+),150.0,2023-09-12,Active
CHG_00977,STN_0083,DC Hyper-Fast (350kW),350.0,2023-05-07,Active
CHG_00978,STN_0084,Level 2 (AC),11.0,2023-03-25,Active
CHG_00979,STN_0084,Level 2 (AC),7.2,2023-02-14,Active
CHG_00980,STN_0084,DC Ultra-Fast (150kW+),150.0,2023-10-03,Active
CHG_00981,STN_0084,Level 2 (AC),7.2,2023-09-30,Active
CHG_00982,STN_0084,Level 2 (AC),22.0,2023-04-19,Maintenance
CHG_00983,STN_0084,DC Fast (50kW),50.0,2023-11-11,Active
CHG_00984,STN_0084,DC Hyper-Fast (350kW),350.0,2023-08-17,Active
CHG_00985,STN_0084,DC Ultra-Fast (150kW+),150.0,2023-09-29,Active
CHG_00986,STN_0084,DC Ultra-Fast (150kW+),150.0,2023-10-13,Offline
CHG_00987,STN_0084,DC Ultra-Fast (150kW+),150.0,2023-08-09,Active
CHG_00988,STN_0084,DC Fast (50kW),50.0,2023-06-20,Active
CHG_00989,STN_0084,Level 2 (AC),22.0,2023-12-03,Active
CHG_00990,STN_0084,DC Fast (50kW),50.0,2023-07-20,Active
CHG_00991,STN_0084,DC Ultra-Fast (150kW+),150.0,2023-02-22,Active
CHG_00992,STN_0084,Level 2 (AC),7.2,2023-11-09,Active
CHG_00993,STN_0084,DC Ultra-Fast (150kW+),150.0,2023-01-01,Active
CHG_00994,STN_0084,DC Ultra-Fast (150kW+),150.0,2023-07-27,Active
CHG_00995,STN_0084,Level 2 (AC),7.2,2023-08-25,Active
CHG_00996,STN_0084,DC Fast (50kW),50.0,2023-03-13,Maintenance
CHG_00997,STN_0085,DC Fast (50kW),50.0,2023-04-17,Active
CHG_00998,STN_0085,Level 2 (AC),22.0,2023-04-13,Active
CHG_00999,STN_0085,DC Ultra-Fast (150kW+),150.0,2023-08-09,Active
CHG_01000,STN_0085,DC Ultra-Fast (150kW+),150.0,2023-02-25,Active
CHG_01001,STN_0085,Level 2 (AC),7.2,2023-07-11,Active
CHG_01002,STN_0085,Level 2 (AC),7.2,2023-08-15,Active
CHG_01003,STN_0085,Level 2 (AC),7.2,2023-04-25,Active
CHG_01004,STN_0085,Level 2 (AC),22.0,2023-06-05,Active
CHG_01005,STN_0086,DC Fast (50kW),50.0,2023-07-03,Active
CHG_01006,STN_0086,DC Ultra-Fast (150kW+),150.0,2023-04-29,Active
CHG_01007,STN_0086,DC Fast (50kW),50.0,2023-08-02,Active
CHG_01008,STN_0086,Level 2 (AC),11.0,2023-09-26,Active
CHG_01009,STN_0086,DC Ultra-Fast (150kW+),150.0,2023-04-15,Active
CHG_01010,STN_0086,DC Fast (50kW),50.0,2023-03-24,Active
CHG_01011,STN_0086,Level 2 (AC),22.0,2023-10-11,Active
CHG_01012,STN_0086,Level 2 (AC),7.2,2023-07-27,Active
CHG_01013,STN_0086,Level 2 (AC),22.0,2023-05-17,Active
CHG_01014,STN_0086,DC Ultra-Fast (150kW+),150.0,2023-10-14,Active
CHG_01015,STN_0086,DC Hyper-Fast (350kW),350.0,2023-01-25,Maintenance
CHG_01016,STN_0086,Level 2 (AC),11.0,2023-04-28,Active
CHG_01017,STN_0086,DC Ultra-Fast (150kW+),150.0,2023-12-26,Active
CHG_01018,STN_0086,DC Hyper-Fast (350kW),350.0,2023-01-05,Active
CHG_01019,STN_0086,DC Hyper-Fast (350kW),350.0,2023-04-23,Active
CHG_01020,STN_0086,Level 2 (AC),7.2,2023-02-13,Active
CHG_01021,STN_0086,DC Fast (50kW),50.0,2023-12-17,Active
CHG_01022,STN_0086,DC Ultra-Fast (150kW+),150.0,2023-05-12,Active
CHG_01023,STN_0087,DC Fast (50kW),50.0,2023-05-09,Active
CHG_01024,STN_0087,DC Ultra-Fast (150kW+),150.0,2023-05-29,Active
CHG_01025,STN_0087,DC Ultra-Fast (150kW+),150.0,2023-08-02,Active
CHG_01026,STN_0087,DC Fast (50kW),50.0,2023-10-21,Active
CHG_01027,STN_0087,DC Hyper-Fast (350kW),350.0,2023-10-29,Active
CHG_01028,STN_0087,DC Fast (50kW),50.0,2023-03-11,Maintenance
CHG_01029,STN_0087,Level 2 (AC),22.0,2023-04-01,Maintenance
CHG_01030,STN_0087,DC Ultra-Fast (150kW+),150.0,2023-08-02,Active
CHG_01031,STN_0087,DC Fast (50kW),50.0,2023-02-09,Active
CHG_01032,STN_0087,Level 2 (AC),7.2,2023-07-19,Active
CHG_01033,STN_0087,DC Ultra-Fast (150kW+),150.0,2023-01-05,Active
CHG_01034,STN_0087,Level 2 (AC),7.2,2023-02-25,Active
CHG_01035,STN_0087,DC Fast (50kW),50.0,2023-07-16,Active
CHG_01036,STN_0087,DC Fast (50kW),50.0,2023-12-26,Active
CHG_01037,STN_0087,DC Fast (50kW),50.0,2023-04-18,Active
CHG_01038,STN_0087,Level 2 (AC),22.0,2023-08-08,Offline
CHG_01039,STN_0087,Level 2 (AC),22.0,2023-07-05,Active
CHG_01040,STN_0087,Level 2 (AC),22.0,2023-01-31,Active
CHG_01041,STN_0088,DC Fast (50kW),50.0,2023-10-05,Active
CHG_01042,STN_0088,DC Fast (50kW),50.0,2023-11-17,Active
CHG_01043,STN_0088,DC Fast (50kW),50.0,2023-12-01,Active
CHG_01044,STN_0088,DC Fast (50kW),50.0,2023-07-27,Active
CHG_01045,STN_0088,DC Ultra-Fast (150kW+),150.0,2023-01-17,Active
CHG_01046,STN_0088,Level 2 (AC),11.0,2023-12-03,Active
CHG_01047,STN_0088,DC Hyper-Fast (350kW),350.0,2023-06-12,Active
CHG_01048,STN_0088,Level 2 (AC),7.2,2023-05-23,Active
CHG_01049,STN_0088,Level 2 (AC),7.2,2023-09-02,Active
CHG_01050,STN_0088,Level 2 (AC),7.2,2023-02-27,Active
CHG_01051,STN_0089,DC Fast (50kW),50.0,2023-01-26,Maintenance
CHG_01052,STN_0089,Level 2 (AC),11.0,2023-07-17,Active
CHG_01053,STN_0089,DC Fast (50kW),50.0,2023-09-30,Maintenance
CHG_01054,STN_0089,DC Ultra-Fast (150kW+),150.0,2023-02-13,Active
CHG_01055,STN_0089,DC Fast (50kW),50.0,2023-08-27,Active
CHG_01056,STN_0090,Level 2 (AC),22.0,2023-04-10,Active
CHG_01057,STN_0090,DC Hyper-Fast (350kW),350.0,2023-02-13,Active
CHG_01058,STN_0090,DC Fast (50kW),50.0,2023-05-25,Active
CHG_01059,STN_0090,DC Hyper-Fast (350kW),350.0,2023-12-21,Active
CHG_01060,STN_0090,DC Fast (50kW),50.0,2023-11-10,Active
CHG_01061,STN_0090,Level 2 (AC),22.0,2023-08-27,Active
CHG_01062,STN_0090,DC Fast (50kW),50.0,2023-07-27,Active
CHG_01063,STN_0090,Level 2 (AC),7.2,2023-12-12,Active
CHG_01064,STN_0090,DC Ultra-Fast (150kW+),150.0,2023-10-14,Active
CHG_01065,STN_0090,Level 2 (AC),22.0,2023-06-20,Active
CHG_01066,STN_0090,Level 2 (AC),11.0,2023-09-21,Active
CHG_01067,STN_0090,DC Fast (50kW),50.0,2023-04-13,Active
CHG_01068,STN_0090,DC Fast (50kW),50.0,2023-10-13,Active
CHG_01069,STN_0090,DC Fast (50kW),50.0,2023-07-16,Active
CHG_01070,STN_0090,Level 2 (AC),11.0,2023-06-20,Active
CHG_01071,STN_0090,DC Fast (50kW),50.0,2023-12-16,Active
CHG_01072,STN_0090,DC Ultra-Fast (150kW+),150.0,2023-04-18,Active
CHG_01073,STN_0090,DC Hyper-Fast (350kW),350.0,2023-10-15,Active
CHG_01074,STN_0091,Level 2 (AC),11.0,2023-04-06,Active
CHG_01075,STN_0091,DC Hyper-Fast (350kW),350.0,2023-01-06,Active
CHG_01076,STN_0091,Level 2 (AC),22.0,2023-04-16,Active
CHG_01077,STN_0091,DC Hyper-Fast (350kW),350.0,2023-12-03,Active
CHG_01078,STN_0091,Level 2 (AC),11.0,2023-10-18,Maintenance
CHG_01079,STN_0091,DC Fast (50kW),50.0,2023-09-04,Active
CHG_01080,STN_0092,DC Hyper-Fast (350kW),350.0,2023-01-03,Offline
CHG_01081,STN_0092,Level 2 (AC),11.0,2023-08-13,Active
CHG_01082,STN_0092,Level 2 (AC),7.2,2023-10-06,Active
CHG_01083,STN_0092,DC Ultra-Fast (150kW+),150.0,2023-03-10,Active
CHG_01084,STN_0092,DC Fast (50kW),50.0,2023-01-30,Active
CHG_01085,STN_0092,Level 2 (AC),22.0,2023-01-25,Active
CHG_01086,STN_0092,DC Ultra-Fast (150kW+),150.0,2023-11-10,Active
CHG_01087,STN_0092,DC Ultra-Fast (150kW+),150.0,2023-01-25,Active
CHG_01088,STN_0092,DC Fast (50kW),50.0,2023-08-14,Active
CHG_01089,STN_0092,Level 2 (AC),7.2,2023-08-02,Offline
CHG_01090,STN_0093,Level 2 (AC),11.0,2023-03-05,Active
CHG_01091,STN_0093,Level 2 (AC),11.0,2023-02-23,Active
CHG_01092,STN_0093,DC Fast (50kW),50.0,2023-08-31,Active
CHG_01093,STN_0093,Level 2 (AC),11.0,2023-05-24,Active
CHG_01094,STN_0093,DC Ultra-Fast (150kW+),150.0,2023-08-27,Active
CHG_01095,STN_0093,DC Fast (50kW),50.0,2023-11-29,Active
CHG_01096,STN_0093,Level 2 (AC),11.0,2023-11-11,Active
CHG_01097,STN_0094,DC Fast (50kW),50.0,2023-03-13,Maintenance
CHG_01098,STN_0094,Level 2 (AC),11.0,2023-03-04,Active
CHG_01099,STN_0094,DC Fast (50kW),50.0,2023-09-11,Active
CHG_01100,STN_0094,Level 2 (AC),7.2,2023-10-19,Active
CHG_01101,STN_0094,DC Hyper-Fast (350kW),350.0,2023-07-27,Active
CHG_01102,STN_0094,Level 2 (AC),22.0,2023-03-17,Active
CHG_01103,STN_0094,Level 2 (AC),11.0,2023-03-12,Active
CHG_01104,STN_0094,DC Fast (50kW),50.0,2023-10-20,Active
CHG_01105,STN_0094,DC Fast (50kW),50.0,2023-10-02,Active
CHG_01106,STN_0094,Level 2 (AC),7.2,2023-01-27,Maintenance
CHG_01107,STN_0094,DC Fast (50kW),50.0,2023-10-08,Active
CHG_01108,STN_0094,Level 2 (AC),11.0,2023-08-12,Active
CHG_01109,STN_0094,Level 2 (AC),11.0,2023-02-14,Active
CHG_01110,STN_0094,DC Ultra-Fast (150kW+),150.0,2023-11-14,Offline
CHG_01111,STN_0094,Level 2 (AC),22.0,2023-11-25,Active
CHG_01112,STN_0094,DC Fast (50kW),50.0,2023-03-11,Active
CHG_01113,STN_0095,DC Ultra-Fast (150kW+),150.0,2023-05-28,Active
CHG_01114,STN_0095,DC Ultra-Fast (150kW+),150.0,2023-12-04,Active
CHG_01115,STN_0095,DC Fast (50kW),50.0,2023-03-16,Active
CHG_01116,STN_0095,DC Fast (50kW),50.0,2023-10-27,Active
CHG_01117,STN_0096,DC Hyper-Fast (350kW),350.0,2023-04-16,Active
CHG_01118,STN_0096,Level 2 (AC),11.0,2023-06-08,Active
CHG_01119,STN_0096,DC Fast (50kW),50.0,2023-07-08,Active
CHG_01120,STN_0096,DC Hyper-Fast (350kW),350.0,2023-10-15,Active
CHG_01121,STN_0096,DC Fast (50kW),50.0,2023-05-10,Active
CHG_01122,STN_0096,DC Fast (50kW),50.0,2023-12-18,Active
CHG_01123,STN_0096,Level 2 (AC),7.2,2023-04-17,Active
CHG_01124,STN_0096,Level 2 (AC),7.2,2023-01-04,Active
CHG_01125,STN_0097,DC Fast (50kW),50.0,2023-04-05,Active
CHG_01126,STN_0097,DC Fast (50kW),50.0,2023-11-17,Active
CHG_01127,STN_0097,DC Ultra-Fast (150kW+),150.0,2023-07-18,Active
CHG_01128,STN_0097,DC Ultra-Fast (150kW+),150.0,2023-04-18,Active
CHG_01129,STN_0098,Level 2 (AC),11.0,2023-06-20,Maintenance
CHG_01130,STN_0098,Level 2 (AC),22.0,2023-10-10,Active
CHG_01131,STN_0098,DC Fast (50kW),50.0,2023-05-24,Active
CHG_01132,STN_0098,Level 2 (AC),11.0,2023-10-11,Active
CHG_01133,STN_0098,Level 2 (AC),11.0,2023-10-23,Active
CHG_01134,STN_0098,DC Fast (50kW),50.0,2023-02-11,Active
CHG_01135,STN_0098,DC Fast (50kW),50.0,2023-08-25,Active
CHG_01136,STN_0098,DC Ultra-Fast (150kW+),150.0,2023-12-29,Active
CHG_01137,STN_0098,DC Hyper-Fast (350kW),350.0,2023-06-09,Active
CHG_01138,STN_0098,DC Hyper-Fast (350kW),350.0,2023-03-14,Active
CHG_01139,STN_0098,Level 2 (AC),7.2,2023-08-14,Active
CHG_01140,STN_0098,DC Fast (50kW),50.0,2023-03-07,Active
CHG_01141,STN_0098,DC Fast (50kW),50.0,2023-06-08,Active
CHG_01142,STN_0098,Level 2 (AC),22.0,2023-01-12,Active
CHG_01143,STN_0098,Level 2 (AC),22.0,2023-10-07,Active
CHG_01144,STN_0099,DC Fast (50kW),50.0,2023-12-23,Active
CHG_01145,STN_0099,Level 2 (AC),11.0,2023-11-28,Active
CHG_01146,STN_0099,DC Ultra-Fast (150kW+),150.0,2023-06-22,Active
CHG_01147,STN_0099,DC Fast (50kW),50.0,2023-12-02,Offline
CHG_01148,STN_0099,DC Fast (50kW),50.0,2023-04-06,Active
CHG_01149,STN_0099,DC Fast (50kW),50.0,2023-01-18,Active
CHG_01150,STN_0099,Level 2 (AC),7.2,2023-05-03,Active
CHG_01151,STN_0099,DC Hyper-Fast (350kW),350.0,2023-05-29,Active
CHG_01152,STN_0099,DC Fast (50kW),50.0,2023-07-25,Active
CHG_01153,STN_0099,Level 2 (AC),7.2,2023-03-28,Active
CHG_01154,STN_0099,Level 2 (AC),22.0,2023-02-13,Maintenance
CHG_01155,STN_0099,DC Fast (50kW),50.0,2023-02-13,Active
CHG_01156,STN_0099,Level 2 (AC),22.0,2023-04-14,Active
CHG_01157,STN_0099,Level 2 (AC),22.0,2023-12-19,Active
CHG_01158,STN_0099,Level 2 (AC),22.0,2023-04-20,Active
CHG_01159,STN_0100,DC Fast (50kW),50.0,2023-09-08,Active
CHG_01160,STN_0100,DC Ultra-Fast (150kW+),150.0,2023-10-12,Active
CHG_01161,STN_0100,DC Fast (50kW),50.0,2023-10-05,Active
CHG_01162,STN_0100,DC Hyper-Fast (350kW),350.0,2023-08-07,Active
CHG_01163,STN_0101,Level 2 (AC),22.0,2023-04-06,Active
CHG_01164,STN_0101,DC Hyper-Fast (350kW),350.0,2023-12-10,Active
CHG_01165,STN_0101,Level 2 (AC),22.0,2023-01-20,Active
CHG_01166,STN_0101,DC Ultra-Fast (150kW+),150.0,2023-02-27,Active
CHG_01167,STN_0101,Level 2 (AC),11.0,2023-12-06,Active
CHG_01168,STN_0101,Level 2 (AC),22.0,2023-06-10,Active
CHG_01169,STN_0102,Level 2 (AC),22.0,2023-12-30,Active
CHG_01170,STN_0102,DC Ultra-Fast (150kW+),150.0,2023-03-14,Active
CHG_01171,STN_0102,DC Fast (50kW),50.0,2023-10-02,Active
CHG_01172,STN_0102,DC Fast (50kW),50.0,2023-05-21,Active
CHG_01173,STN_0102,DC Ultra-Fast (150kW+),150.0,2023-02-21,Active
CHG_01174,STN_0103,DC Ultra-Fast (150kW+),150.0,2023-02-12,Active
CHG_01175,STN_0103,Level 2 (AC),11.0,2023-12-12,Active
CHG_01176,STN_0103,DC Fast (50kW),50.0,2023-10-26,Active
CHG_01177,STN_0103,DC Ultra-Fast (150kW+),150.0,2023-07-30,Active
CHG_01178,STN_0103,DC Hyper-Fast (350kW),350.0,2023-07-26,Active
CHG_01179,STN_0103,Level 2 (AC),11.0,2023-02-11,Active
CHG_01180,STN_0103,Level 2 (AC),22.0,2023-10-02,Active
CHG_01181,STN_0103,Level 2 (AC),11.0,2023-08-08,Active
CHG_01182,STN_0103,DC Ultra-Fast (150kW+),150.0,2023-02-21,Active
CHG_01183,STN_0103,Level 2 (AC),22.0,2023-12-25,Active
CHG_01184,STN_0103,Level 2 (AC),11.0,2023-12-24,Active
CHG_01185,STN_0104,Level 2 (AC),7.2,2023-02-15,Active
CHG_01186,STN_0104,DC Hyper-Fast (350kW),350.0,2023-09-26,Active
CHG_01187,STN_0104,DC Ultra-Fast (150kW+),150.0,2023-04-26,Active
CHG_01188,STN_0104,Level 2 (AC),7.2,2023-01-07,Active
CHG_01189,STN_0104,DC Fast (50kW),50.0,2023-08-03,Active
CHG_01190,STN_0104,Level 2 (AC),22.0,2023-11-09,Active
CHG_01191,STN_0104,Level 2 (AC),22.0,2023-12-19,Active
CHG_01192,STN_0104,Level 2 (AC),11.0,2023-12-14,Offline
CHG_01193,STN_0104,DC Fast (50kW),50.0,2023-04-03,Active
CHG_01194,STN_0105,DC Fast (50kW),50.0,2023-08-05,Active
CHG_01195,STN_0105,Level 2 (AC),22.0,2023-06-30,Active
CHG_01196,STN_0105,DC Fast (50kW),50.0,2023-11-16,Active
CHG_01197,STN_0105,DC Hyper-Fast (350kW),350.0,2023-10-05,Active
CHG_01198,STN_0105,Level 2 (AC),11.0,2023-05-18,Active
CHG_01199,STN_0105,DC Fast (50kW),50.0,2023-11-02,Active
CHG_01200,STN_0105,Level 2 (AC),7.2,2023-08-24,Active
CHG_01201,STN_0105,Level 2 (AC),7.2,2023-05-12,Active
CHG_01202,STN_0106,Level 2 (AC),7.2,2023-03-12,Active
CHG_01203,STN_0106,DC Ultra-Fast (150kW+),150.0,2023-10-18,Active
CHG_01204,STN_0106,Level 2 (AC),11.0,2023-09-01,Active
CHG_01205,STN_0106,DC Fast (50kW),50.0,2023-11-30,Active
CHG_01206,STN_0106,Level 2 (AC),7.2,2023-01-16,Active
CHG_01207,STN_0106,DC Ultra-Fast (150kW+),150.0,2023-01-31,Active
CHG_01208,STN_0106,Level 2 (AC),11.0,2023-02-08,Active
CHG_01209,STN_0106,Level 2 (AC),11.0,2023-07-22,Active
CHG_01210,STN_0107,DC Hyper-Fast (350kW),350.0,2023-10-19,Active
CHG_01211,STN_0107,Level 2 (AC),22.0,2023-09-10,Active
CHG_01212,STN_0107,DC Ultra-Fast (150kW+),150.0,2023-03-28,Active
CHG_01213,STN_0107,Level 2 (AC),11.0,2023-01-19,Active
CHG_01214,STN_0108,DC Fast (50kW),50.0,2023-12-23,Active
CHG_01215,STN_0108,DC Ultra-Fast (150kW+),150.0,2023-08-17,Active
CHG_01216,STN_0108,DC Fast (50kW),50.0,2023-09-03,Active
CHG_01217,STN_0108,DC Ultra-Fast (150kW+),150.0,2023-06-10,Active
CHG_01218,STN_0108,Level 2 (AC),11.0,2023-06-29,Active
CHG_01219,STN_0108,Level 2 (AC),11.0,2023-09-16,Active
CHG_01220,STN_0108,DC Fast (50kW),50.0,2023-07-05,Active
CHG_01221,STN_0108,Level 2 (AC),11.0,2023-01-11,Active
CHG_01222,STN_0108,DC Fast (50kW),50.0,2023-04-08,Active
CHG_01223,STN_0108,DC Fast (50kW),50.0,2023-06-21,Maintenance
CHG_01224,STN_0108,DC Fast (50kW),50.0,2023-07-04,Active
CHG_01225,STN_0108,Level 2 (AC),22.0,2023-06-16,Active
CHG_01226,STN_0108,Level 2 (AC),22.0,2023-09-22,Active
CHG_01227,STN_0108,DC Ultra-Fast (150kW+),150.0,2023-08-03,Active
CHG_01228,STN_0108,Level 2 (AC),22.0,2023-11-26,Active
CHG_01229,STN_0108,Level 2 (AC),22.0,2023-05-03,Active
CHG_01230,STN_0108,Level 2 (AC),7.2,2023-02-04,Active
CHG_01231,STN_0108,Level 2 (AC),7.2,2023-12-15,Active
CHG_01232,STN_0108,Level 2 (AC),22.0,2023-05-02,Active
CHG_01233,STN_0109,DC Fast (50kW),50.0,2023-03-26,Active
CHG_01234,STN_0109,DC Fast (50kW),50.0,2023-01-16,Active
CHG_01235,STN_0109,DC Ultra-Fast (150kW+),150.0,2023-11-12,Active
CHG_01236,STN_0109,Level 2 (AC),22.0,2023-01-15,Active
CHG_01237,STN_0109,DC Ultra-Fast (150kW+),150.0,2023-10-05,Active
CHG_01238,STN_0109,DC Fast (50kW),50.0,2023-01-01,Active
CHG_01239,STN_0109,DC Fast (50kW),50.0,2023-07-19,Active
CHG_01240,STN_0109,Level 2 (AC),7.2,2023-07-07,Active
CHG_01241,STN_0109,DC Fast (50kW),50.0,2023-10-06,Offline
CHG_01242,STN_0110,DC Fast (50kW),50.0,2023-01-25,Active
CHG_01243,STN_0110,Level 2 (AC),11.0,2023-10-11,Active
CHG_01244,STN_0110,Level 2 (AC),7.2,2023-04-02,Active
CHG_01245,STN_0110,DC Fast (50kW),50.0,2023-04-21,Active
CHG_01246,STN_0110,DC Fast (50kW),50.0,2023-08-08,Active
CHG_01247,STN_0110,Level 2 (AC),11.0,2023-11-19,Maintenance
CHG_01248,STN_0110,DC Fast (50kW),50.0,2023-10-07,Active
CHG_01249,STN_0110,Level 2 (AC),7.2,2023-07-16,Active
CHG_01250,STN_0111,Level 2 (AC),22.0,2023-12-04,Active
CHG_01251,STN_0111,DC Fast (50kW),50.0,2023-06-24,Maintenance
CHG_01252,STN_0111,Level 2 (AC),11.0,2023-04-21,Active
CHG_01253,STN_0111,DC Ultra-Fast (150kW+),150.0,2023-02-04,Active
CHG_01254,STN_0111,DC Fast (50kW),50.0,2023-01-14,Active
CHG_01255,STN_0111,Level 2 (AC),7.2,2023-07-12,Active
CHG_01256,STN_0111,DC Hyper-Fast (350kW),350.0,2023-05-31,Active
CHG_01257,STN_0111,Level 2 (AC),22.0,2023-08-08,Active
CHG_01258,STN_0111,DC Fast (50kW),50.0,2023-01-28,Active
CHG_01259,STN_0111,DC Ultra-Fast (150kW+),150.0,2023-06-26,Maintenance
CHG_01260,STN_0112,DC Ultra-Fast (150kW+),150.0,2023-05-07,Active
CHG_01261,STN_0112,DC Fast (50kW),50.0,2023-11-29,Active
CHG_01262,STN_0112,DC Fast (50kW),50.0,2023-05-30,Active
CHG_01263,STN_0112,DC Fast (50kW),50.0,2023-06-22,Active
CHG_01264,STN_0112,Level 2 (AC),22.0,2023-08-02,Active
CHG_01265,STN_0112,DC Hyper-Fast (350kW),350.0,2023-03-06,Active
CHG_01266,STN_0112,Level 2 (AC),22.0,2023-12-29,Active
CHG_01267,STN_0112,Level 2 (AC),22.0,2023-05-26,Active
CHG_01268,STN_0112,Level 2 (AC),7.2,2023-04-13,Active
CHG_01269,STN_0113,DC Fast (50kW),50.0,2023-03-29,Active
CHG_01270,STN_0113,Level 2 (AC),11.0,2023-05-15,Active
CHG_01271,STN_0113,DC Fast (50kW),50.0,2023-05-14,Active
CHG_01272,STN_0113,DC Ultra-Fast (150kW+),150.0,2023-11-09,Active
CHG_01273,STN_0113,DC Ultra-Fast (150kW+),150.0,2023-04-22,Active
CHG_01274,STN_0113,DC Fast (50kW),50.0,2023-05-28,Active
CHG_01275,STN_0113,DC Fast (50kW),50.0,2023-01-28,Active
CHG_01276,STN_0113,Level 2 (AC),11.0,2023-10-24,Active
CHG_01277,STN_0113,Level 2 (AC),11.0,2023-03-16,Active
CHG_01278,STN_0113,DC Hyper-Fast (350kW),350.0,2023-12-21,Active
CHG_01279,STN_0113,Level 2 (AC),7.2,2023-12-10,Active
CHG_01280,STN_0113,DC Ultra-Fast (150kW+),150.0,2023-06-02,Active
CHG_01281,STN_0113,DC Ultra-Fast (150kW+),150.0,2023-12-11,Active
CHG_01282,STN_0113,DC Fast (50kW),50.0,2023-07-30,Active
CHG_01283,STN_0113,Level 2 (AC),7.2,2023-05-09,Active
CHG_01284,STN_0113,Level 2 (AC),22.0,2023-02-03,Active
CHG_01285,STN_0113,DC Fast (50kW),50.0,2023-01-21,Active
CHG_01286,STN_0113,DC Fast (50kW),50.0,2023-02-17,Active
CHG_01287,STN_0114,DC Ultra-Fast (150kW+),150.0,2023-01-10,Active
CHG_01288,STN_0114,Level 2 (AC),7.2,2023-11-25,Active
CHG_01289,STN_0114,Level 2 (AC),7.2,2023-04-19,Active
CHG_01290,STN_0114,DC Hyper-Fast (350kW),350.0,2023-09-29,Active
CHG_01291,STN_0114,DC Fast (50kW),50.0,2023-03-10,Active
CHG_01292,STN_0114,DC Fast (50kW),50.0,2023-05-26,Active
CHG_01293,STN_0114,DC Ultra-Fast (150kW+),150.0,2023-09-17,Offline
CHG_01294,STN_0114,DC Ultra-Fast (150kW+),150.0,2023-04-05,Active
CHG_01295,STN_0114,DC Fast (50kW),50.0,2023-07-10,Active
CHG_01296,STN_0114,DC Ultra-Fast (150kW+),150.0,2023-04-27,Active
CHG_01297,STN_0114,DC Hyper-Fast (350kW),350.0,2023-10-25,Active
CHG_01298,STN_0115,DC Fast (50kW),50.0,2023-09-25,Active
CHG_01299,STN_0115,DC Hyper-Fast (350kW),350.0,2023-03-14,Active
CHG_01300,STN_0115,Level 2 (AC),22.0,2023-04-13,Offline
CHG_01301,STN_0115,DC Fast (50kW),50.0,2023-05-31,Active
CHG_01302,STN_0115,Level 2 (AC),7.2,2023-08-11,Active
CHG_01303,STN_0115,DC Hyper-Fast (350kW),350.0,2023-08-24,Active
CHG_01304,STN_0115,Level 2 (AC),7.2,2023-01-13,Active
CHG_01305,STN_0115,DC Fast (50kW),50.0,2023-03-11,Active
CHG_01306,STN_0115,Level 2 (AC),22.0,2023-12-06,Active
CHG_01307,STN_0115,Level 2 (AC),22.0,2023-11-14,Active
CHG_01308,STN_0115,DC Hyper-Fast (350kW),350.0,2023-11-20,Active
CHG_01309,STN_0115,Level 2 (AC),22.0,2023-07-02,Active
CHG_01310,STN_0115,DC Fast (50kW),50.0,2023-04-10,Active
CHG_01311,STN_0115,Level 2 (AC),7.2,2023-05-24,Active
CHG_01312,STN_0115,Level 2 (AC),11.0,2023-08-08,Active
CHG_01313,STN_0115,DC Fast (50kW),50.0,2023-09-30,Active
CHG_01314,STN_0116,DC Ultra-Fast (150kW+),150.0,2023-06-04,Active
CHG_01315,STN_0116,Level 2 (AC),11.0,2023-08-03,Active
CHG_01316,STN_0116,Level 2 (AC),22.0,2023-12-03,Active
CHG_01317,STN_0116,Level 2 (AC),22.0,2023-04-25,Active
CHG_01318,STN_0116,Level 2 (AC),22.0,2023-06-15,Active
CHG_01319,STN_0116,DC Fast (50kW),50.0,2023-06-25,Active
CHG_01320,STN_0116,DC Fast (50kW),50.0,2023-08-10,Maintenance
CHG_01321,STN_0116,DC Ultra-Fast (150kW+),150.0,2023-04-22,Active
CHG_01322,STN_0116,DC Ultra-Fast (150kW+),150.0,2023-04-19,Active
CHG_01323,STN_0116,DC Ultra-Fast (150kW+),150.0,2023-11-08,Active
CHG_01324,STN_0116,DC Fast (50kW),50.0,2023-09-03,Active
CHG_01325,STN_0117,DC Ultra-Fast (150kW+),150.0,2023-01-01,Active
CHG_01326,STN_0117,DC Ultra-Fast (150kW+),150.0,2023-06-21,Active
CHG_01327,STN_0117,DC Ultra-Fast (150kW+),150.0,2023-10-25,Active
CHG_01328,STN_0117,Level 2 (AC),7.2,2023-07-06,Active
CHG_01329,STN_0117,DC Fast (50kW),50.0,2023-02-17,Active
CHG_01330,STN_0117,DC Ultra-Fast (150kW+),150.0,2023-04-09,Active
CHG_01331,STN_0117,DC Fast (50kW),50.0,2023-09-10,Maintenance
CHG_01332,STN_0117,Level 2 (AC),22.0,2023-12-04,Active
CHG_01333,STN_0117,DC Ultra-Fast (150kW+),150.0,2023-12-01,Active
CHG_01334,STN_0117,Level 2 (AC),11.0,2023-10-19,Active
CHG_01335,STN_0117,DC Fast (50kW),50.0,2023-07-09,Maintenance
CHG_01336,STN_0117,Level 2 (AC),7.2,2023-09-13,Active
CHG_01337,STN_0117,DC Fast (50kW),50.0,2023-01-01,Active
CHG_01338,STN_0117,Level 2 (AC),11.0,2023-12-15,Active
CHG_01339,STN_0118,DC Fast (50kW),50.0,2023-07-11,Active
CHG_01340,STN_0118,Level 2 (AC),22.0,2023-11-06,Active
CHG_01341,STN_0118,DC Fast (50kW),50.0,2023-03-30,Active
CHG_01342,STN_0118,DC Fast (50kW),50.0,2023-03-26,Active
CHG_01343,STN_0118,DC Ultra-Fast (150kW+),150.0,2023-09-29,Active
CHG_01344,STN_0118,DC Fast (50kW),50.0,2023-09-30,Active
CHG_01345,STN_0118,Level 2 (AC),7.2,2023-12-16,Active
CHG_01346,STN_0118,DC Hyper-Fast (350kW),350.0,2023-11-21,Active
CHG_01347,STN_0118,Level 2 (AC),22.0,2023-04-15,Active
CHG_01348,STN_0118,DC Fast (50kW),50.0,2023-07-04,Active
CHG_01349,STN_0118,DC Fast (50kW),50.0,2023-12-08,Active
CHG_01350,STN_0119,DC Ultra-Fast (150kW+),150.0,2023-06-06,Active
CHG_01351,STN_0119,Level 2 (AC),11.0,2023-11-23,Maintenance
CHG_01352,STN_0119,DC Fast (50kW),50.0,2023-08-04,Active
CHG_01353,STN_0119,Level 2 (AC),22.0,2023-06-20,Active
CHG_01354,STN_0119,DC Ultra-Fast (150kW+),150.0,2023-04-16,Active
CHG_01355,STN_0119,Level 2 (AC),11.0,2023-11-14,Active
CHG_01356,STN_0119,Level 2 (AC),11.0,2023-02-25,Active
CHG_01357,STN_0119,Level 2 (AC),11.0,2023-04-23,Active
CHG_01358,STN_0119,DC Fast (50kW),50.0,2023-03-20,Active
CHG_01359,STN_0119,DC Fast (50kW),50.0,2023-10-13,Active
CHG_01360,STN_0119,DC Fast (50kW),50.0,2023-11-19,Active
CHG_01361,STN_0119,Level 2 (AC),22.0,2023-10-23,Active
CHG_01362,STN_0119,DC Ultra-Fast (150kW+),150.0,2023-03-09,Offline
CHG_01363,STN_0119,DC Ultra-Fast (150kW+),150.0,2023-12-29,Active
CHG_01364,STN_0119,DC Fast (50kW),50.0,2023-01-09,Active
CHG_01365,STN_0119,DC Fast (50kW),50.0,2023-07-03,Active
CHG_01366,STN_0120,Level 2 (AC),22.0,2023-11-24,Active
CHG_01367,STN_0120,Level 2 (AC),22.0,2023-03-24,Active
CHG_01368,STN_0120,Level 2 (AC),22.0,2023-03-03,Active
CHG_01369,STN_0120,DC Ultra-Fast (150kW+),150.0,2023-07-31,Active
CHG_01370,STN_0120,DC Ultra-Fast (150kW+),150.0,2023-02-11,Active
CHG_01371,STN_0120,DC Hyper-Fast (350kW),350.0,2023-04-22,Active
CHG_01372,STN_0120,DC Hyper-Fast (350kW),350.0,2023-10-21,Active
CHG_01373,STN_0120,Level 2 (AC),11.0,2023-10-05,Active
CHG_01374,STN_0120,Level 2 (AC),7.2,2023-10-18,Active
CHG_01375,STN_0120,Level 2 (AC),7.2,2023-07-17,Active
CHG_01376,STN_0120,DC Hyper-Fast (350kW),350.0,2023-08-07,Active
CHG_01377,STN_0120,Level 2 (AC),22.0,2023-03-02,Active
CHG_01378,STN_0120,Level 2 (AC),7.2,2023-04-10,Maintenance
CHG_01379,STN_0120,DC Hyper-Fast (350kW),350.0,2023-07-06,Active
CHG_01380,STN_0120,Level 2 (AC),22.0,2023-04-18,Active
CHG_01381,STN_0120,Level 2 (AC),11.0,2023-03-19,Active
CHG_01382,STN_0121,DC Fast (50kW),50.0,2023-01-02,Active
CHG_01383,STN_0121,Level 2 (AC),7.2,2023-05-20,Active
CHG_01384,STN_0121,DC Ultra-Fast (150kW+),150.0,2023-12-06,Active
CHG_01385,STN_0121,Level 2 (AC),11.0,2023-07-17,Active
CHG_01386,STN_0121,Level 2 (AC),7.2,2023-10-06,Maintenance
CHG_01387,STN_0121,Level 2 (AC),22.0,2023-02-13,Maintenance
CHG_01388,STN_0121,DC Ultra-Fast (150kW+),150.0,2023-02-05,Active
CHG_01389,STN_0121,Level 2 (AC),7.2,2023-03-10,Active
CHG_01390,STN_0121,DC Ultra-Fast (150kW+),150.0,2023-04-07,Active
CHG_01391,STN_0121,DC Fast (50kW),50.0,2023-07-27,Active
CHG_01392,STN_0121,Level 2 (AC),22.0,2023-03-08,Active
CHG_01393,STN_0121,Level 2 (AC),7.2,2023-06-18,Maintenance
CHG_01394,STN_0121,DC Ultra-Fast (150kW+),150.0,2023-02-01,Active
CHG_01395,STN_0121,DC Hyper-Fast (350kW),350.0,2023-04-15,Active
CHG_01396,STN_0121,Level 2 (AC),11.0,2023-04-13,Active
CHG_01397,STN_0121,DC Ultra-Fast (150kW+),150.0,2023-06-07,Active
CHG_01398,STN_0121,Level 2 (AC),7.2,2023-04-07,Active
CHG_01399,STN_0122,Level 2 (AC),11.0,2023-11-03,Active
CHG_01400,STN_0122,DC Fast (50kW),50.0,2023-02-10,Active
CHG_01401,STN_0122,DC Ultra-Fast (150kW+),150.0,2023-10-11,Active
CHG_01402,STN_0122,DC Fast (50kW),50.0,2023-05-10,Active
CHG_01403,STN_0122,DC Fast (50kW),50.0,2023-01-13,Active
CHG_01404,STN_0122,DC Fast (50kW),50.0,2023-10-05,Active
CHG_01405,STN_0122,DC Fast (50kW),50.0,2023-07-22,Active
CHG_01406,STN_0122,DC Fast (50kW),50.0,2023-04-27,Active
CHG_01407,STN_0122,Level 2 (AC),11.0,2023-04-30,Active
CHG_01408,STN_0122,Level 2 (AC),7.2,2023-05-10,Active
CHG_01409,STN_0122,Level 2 (AC),7.2,2023-11-20,Maintenance
CHG_01410,STN_0122,Level 2 (AC),11.0,2023-06-17,Active
CHG_01411,STN_0123,Level 2 (AC),11.0,2023-07-02,Active
CHG_01412,STN_0123,Level 2 (AC),7.2,2023-10-01,Active
CHG_01413,STN_0123,Level 2 (AC),7.2,2023-03-23,Active
CHG_01414,STN_0123,DC Ultra-Fast (150kW+),150.0,2023-06-06,Active
CHG_01415,STN_0123,DC Hyper-Fast (350kW),350.0,2023-02-16,Active
CHG_01416,STN_0123,Level 2 (AC),22.0,2023-06-04,Active
CHG_01417,STN_0123,Level 2 (AC),22.0,2023-12-12,Maintenance
CHG_01418,STN_0123,DC Fast (50kW),50.0,2023-06-03,Active
CHG_01419,STN_0123,DC Fast (50kW),50.0,2023-06-30,Active
CHG_01420,STN_0123,DC Hyper-Fast (350kW),350.0,2023-10-02,Active
CHG_01421,STN_0123,DC Ultra-Fast (150kW+),150.0,2023-06-26,Active
CHG_01422,STN_0123,DC Ultra-Fast (150kW+),150.0,2023-02-18,Active
CHG_01423,STN_0123,Level 2 (AC),7.2,2023-04-28,Active
CHG_01424,STN_0123,DC Ultra-Fast (150kW+),150.0,2023-07-08,Active
CHG_01425,STN_0123,DC Fast (50kW),50.0,2023-01-25,Active
CHG_01426,STN_0123,DC Fast (50kW),50.0,2023-07-19,Active
CHG_01427,STN_0123,Level 2 (AC),22.0,2023-08-21,Active
CHG_01428,STN_0123,Level 2 (AC),11.0,2023-07-18,Active
CHG_01429,STN_0123,Level 2 (AC),22.0,2023-03-09,Active
CHG_01430,STN_0124,DC Hyper-Fast (350kW),350.0,2023-04-18,Active
CHG_01431,STN_0124,DC Ultra-Fast (150kW+),150.0,2023-02-13,Active
CHG_01432,STN_0124,DC Fast (50kW),50.0,2023-04-08,Active
CHG_01433,STN_0124,DC Fast (50kW),50.0,2023-10-31,Active
CHG_01434,STN_0124,Level 2 (AC),7.2,2023-03-28,Active
CHG_01435,STN_0124,DC Fast (50kW),50.0,2023-09-11,Active
CHG_01436,STN_0124,DC Ultra-Fast (150kW+),150.0,2023-10-03,Active
CHG_01437,STN_0124,DC Fast (50kW),50.0,2023-09-25,Active
CHG_01438,STN_0124,DC Ultra-Fast (150kW+),150.0,2023-03-19,Active
CHG_01439,STN_0124,Level 2 (AC),7.2,2023-08-26,Active
CHG_01440,STN_0124,DC Ultra-Fast (150kW+),150.0,2023-10-05,Active
CHG_01441,STN_0124,DC Ultra-Fast (150kW+),150.0,2023-09-03,Active
CHG_01442,STN_0124,Level 2 (AC),22.0,2023-02-17,Active
CHG_01443,STN_0124,Level 2 (AC),7.2,2023-04-17,Active
CHG_01444,STN_0124,Level 2 (AC),7.2,2023-01-11,Active
CHG_01445,STN_0124,DC Ultra-Fast (150kW+),150.0,2023-03-10,Active
CHG_01446,STN_0125,DC Fast (50kW),50.0,2023-09-28,Active
CHG_01447,STN_0125,Level 2 (AC),11.0,2023-11-24,Active
CHG_01448,STN_0125,DC Fast (50kW),50.0,2023-11-24,Maintenance
CHG_01449,STN_0125,DC Ultra-Fast (150kW+),150.0,2023-04-29,Maintenance
CHG_01450,STN_0125,DC Ultra-Fast (150kW+),150.0,2023-05-20,Active
CHG_01451,STN_0125,Level 2 (AC),11.0,2023-06-18,Active
CHG_01452,STN_0125,Level 2 (AC),22.0,2023-08-11,Active
CHG_01453,STN_0125,DC Fast (50kW),50.0,2023-01-04,Active
CHG_01454,STN_0125,DC Ultra-Fast (150kW+),150.0,2023-03-26,Active
CHG_01455,STN_0125,DC Hyper-Fast (350kW),350.0,2023-07-16,Active
CHG_01456,STN_0125,Level 2 (AC),11.0,2023-12-20,Active
CHG_01457,STN_0125,Level 2 (AC),22.0,2023-05-20,Active
CHG_01458,STN_0125,DC Fast (50kW),50.0,2023-05-19,Active
CHG_01459,STN_0125,DC Ultra-Fast (150kW+),150.0,2023-07-31,Active
CHG_01460,STN_0125,DC Ultra-Fast (150kW+),150.0,2023-12-28,Active
CHG_01461,STN_0126,DC Fast (50kW),50.0,2023-08-30,Active
CHG_01462,STN_0126,DC Fast (50kW),50.0,2023-11-02,Active
CHG_01463,STN_0126,DC Ultra-Fast (150kW+),150.0,2023-12-09,Active
CHG_01464,STN_0126,Level 2 (AC),11.0,2023-10-21,Active
CHG_01465,STN_0126,DC Fast (50kW),50.0,2023-02-13,Active
CHG_01466,STN_0126,Level 2 (AC),11.0,2023-05-25,Active
CHG_01467,STN_0126,Level 2 (AC),22.0,2023-09-23,Active
CHG_01468,STN_0126,Level 2 (AC),11.0,2023-12-07,Active
CHG_01469,STN_0126,DC Fast (50kW),50.0,2023-10-16,Active
CHG_01470,STN_0126,Level 2 (AC),7.2,2023-09-01,Active
CHG_01471,STN_0126,Level 2 (AC),22.0,2023-03-15,Active
CHG_01472,STN_0126,DC Ultra-Fast (150kW+),150.0,2023-02-01,Offline
CHG_01473,STN_0126,DC Fast (50kW),50.0,2023-10-06,Active
CHG_01474,STN_0126,Level 2 (AC),11.0,2023-12-09,Active
CHG_01475,STN_0126,Level 2 (AC),7.2,2023-08-01,Active
CHG_01476,STN_0126,Level 2 (AC),7.2,2023-08-14,Active
CHG_01477,STN_0126,DC Ultra-Fast (150kW+),150.0,2023-09-03,Active
CHG_01478,STN_0126,Level 2 (AC),7.2,2023-01-30,Active
CHG_01479,STN_0127,Level 2 (AC),7.2,2023-05-19,Active
CHG_01480,STN_0127,DC Fast (50kW),50.0,2023-06-10,Active
CHG_01481,STN_0127,DC Ultra-Fast (150kW+),150.0,2023-11-20,Active
CHG_01482,STN_0127,DC Fast (50kW),50.0,2023-12-16,Active
CHG_01483,STN_0127,DC Ultra-Fast (150kW+),150.0,2023-11-06,Active
CHG_01484,STN_0127,Level 2 (AC),11.0,2023-11-05,Active
CHG_01485,STN_0127,Level 2 (AC),7.2,2023-07-01,Active
CHG_01486,STN_0127,Level 2 (AC),11.0,2023-04-14,Active
CHG_01487,STN_0127,DC Fast (50kW),50.0,2023-03-17,Maintenance
CHG_01488,STN_0127,DC Ultra-Fast (150kW+),150.0,2023-03-23,Active
CHG_01489,STN_0127,DC Fast (50kW),50.0,2023-09-15,Active
CHG_01490,STN_0127,Level 2 (AC),11.0,2023-03-29,Active
CHG_01491,STN_0127,Level 2 (AC),11.0,2023-07-07,Active
CHG_01492,STN_0127,Level 2 (AC),7.2,2023-01-05,Active
CHG_01493,STN_0127,DC Ultra-Fast (150kW+),150.0,2023-06-18,Active
CHG_01494,STN_0127,Level 2 (AC),11.0,2023-09-05,Maintenance
CHG_01495,STN_0127,DC Ultra-Fast (150kW+),150.0,2023-12-21,Active
CHG_01496,STN_0127,Level 2 (AC),7.2,2023-07-17,Active
CHG_01497,STN_0127,Level 2 (AC),11.0,2023-05-31,Active
CHG_01498,STN_0128,DC Fast (50kW),50.0,2023-08-25,Active
CHG_01499,STN_0128,DC Ultra-Fast (150kW+),150.0,2023-05-31,Maintenance
CHG_01500,STN_0128,Level 2 (AC),22.0,2023-03-09,Active
CHG_01501,STN_0128,DC Ultra-Fast (150kW+),150.0,2023-12-28,Active
CHG_01502,STN_0128,DC Fast (50kW),50.0,2023-12-23,Active
CHG_01503,STN_0128,Level 2 (AC),7.2,2023-01-12,Active
CHG_01504,STN_0128,DC Fast (50kW),50.0,2023-10-11,Active
CHG_01505,STN_0128,Level 2 (AC),11.0,2023-08-14,Active
CHG_01506,STN_0128,DC Hyper-Fast (350kW),350.0,2023-02-27,Active
CHG_01507,STN_0128,DC Hyper-Fast (350kW),350.0,2023-11-20,Active
CHG_01508,STN_0128,Level 2 (AC),7.2,2023-07-19,Maintenance
CHG_01509,STN_0128,DC Hyper-Fast (350kW),350.0,2023-06-20,Active
CHG_01510,STN_0128,DC Ultra-Fast (150kW+),150.0,2023-09-18,Active
CHG_01511,STN_0128,Level 2 (AC),11.0,2023-01-04,Maintenance
CHG_01512,STN_0128,Level 2 (AC),7.2,2023-08-03,Active
CHG_01513,STN_0129,DC Ultra-Fast (150kW+),150.0,2023-01-09,Active
CHG_01514,STN_0129,Level 2 (AC),22.0,2023-03-04,Active
CHG_01515,STN_0129,Level 2 (AC),11.0,2023-09-17,Active
CHG_01516,STN_0129,Level 2 (AC),11.0,2023-07-26,Active
CHG_01517,STN_0129,DC Hyper-Fast (350kW),350.0,2023-04-26,Active
CHG_01518,STN_0129,DC Fast (50kW),50.0,2023-06-16,Active
CHG_01519,STN_0129,Level 2 (AC),22.0,2023-12-13,Active
CHG_01520,STN_0129,DC Fast (50kW),50.0,2023-09-03,Active
CHG_01521,STN_0129,DC Fast (50kW),50.0,2023-10-21,Active
CHG_01522,STN_0129,Level 2 (AC),22.0,2023-11-20,Active
CHG_01523,STN_0129,Level 2 (AC),22.0,2023-08-27,Active
CHG_01524,STN_0129,DC Hyper-Fast (350kW),350.0,2023-02-20,Active
CHG_01525,STN_0130,DC Ultra-Fast (150kW+),150.0,2023-06-26,Active
CHG_01526,STN_0130,DC Fast (50kW),50.0,2023-01-27,Active
CHG_01527,STN_0130,DC Fast (50kW),50.0,2023-07-14,Active
CHG_01528,STN_0130,Level 2 (AC),7.2,2023-08-30,Active
CHG_01529,STN_0130,Level 2 (AC),22.0,2023-11-08,Active
CHG_01530,STN_0130,DC Ultra-Fast (150kW+),150.0,2023-07-05,Active
CHG_01531,STN_0130,DC Fast (50kW),50.0,2023-07-26,Active
CHG_01532,STN_0130,Level 2 (AC),7.2,2023-05-25,Active
CHG_01533,STN_0130,DC Ultra-Fast (150kW+),150.0,2023-02-14,Active
CHG_01534,STN_0130,Level 2 (AC),22.0,2023-12-31,Active
CHG_01535,STN_0130,Level 2 (AC),7.2,2023-03-09,Active
CHG_01536,STN_0131,DC Ultra-Fast (150kW+),150.0,2023-02-24,Offline
CHG_01537,STN_0131,DC Fast (50kW),50.0,2023-08-19,Active
CHG_01538,STN_0131,DC Fast (50kW),50.0,2023-12-24,Active
CHG_01539,STN_0131,DC Ultra-Fast (150kW+),150.0,2023-07-12,Active
CHG_01540,STN_0131,Level 2 (AC),7.2,2023-01-30,Active
CHG_01541,STN_0131,Level 2 (AC),7.2,2023-02-27,Active
CHG_01542,STN_0131,DC Fast (50kW),50.0,2023-10-23,Active
CHG_01543,STN_0132,Level 2 (AC),11.0,2023-06-10,Active
CHG_01544,STN_0132,DC Fast (50kW),50.0,2023-08-09,Active
CHG_01545,STN_0132,DC Hyper-Fast (350kW),350.0,2023-04-18,Active
CHG_01546,STN_0132,DC Ultra-Fast (150kW+),150.0,2023-03-12,Active
CHG_01547,STN_0132,DC Fast (50kW),50.0,2023-05-07,Active
CHG_01548,STN_0132,DC Hyper-Fast (350kW),350.0,2023-07-01,Active
CHG_01549,STN_0132,Level 2 (AC),7.2,2023-01-18,Active
CHG_01550,STN_0132,DC Hyper-Fast (350kW),350.0,2023-01-19,Active
CHG_01551,STN_0132,DC Hyper-Fast (350kW),350.0,2023-10-04,Active
CHG_01552,STN_0133,DC Fast (50kW),50.0,2023-06-02,Active
CHG_01553,STN_0133,DC Fast (50kW),50.0,2023-02-24,Active
CHG_01554,STN_0133,Level 2 (AC),11.0,2023-07-03,Maintenance
CHG_01555,STN_0133,DC Hyper-Fast (350kW),350.0,2023-03-28,Active
CHG_01556,STN_0133,DC Fast (50kW),50.0,2023-10-02,Maintenance
CHG_01557,STN_0133,Level 2 (AC),22.0,2023-02-11,Maintenance
CHG_01558,STN_0133,DC Fast (50kW),50.0,2023-01-17,Active
CHG_01559,STN_0133,DC Fast (50kW),50.0,2023-03-03,Active
CHG_01560,STN_0133,DC Ultra-Fast (150kW+),150.0,2023-09-03,Active
CHG_01561,STN_0133,DC Fast (50kW),50.0,2023-02-05,Active
CHG_01562,STN_0133,Level 2 (AC),7.2,2023-07-16,Active
CHG_01563,STN_0133,DC Ultra-Fast (150kW+),150.0,2023-10-12,Active
CHG_01564,STN_0133,DC Fast (50kW),50.0,2023-01-14,Active
CHG_01565,STN_0133,Level 2 (AC),22.0,2023-09-25,Active
CHG_01566,STN_0133,DC Ultra-Fast (150kW+),150.0,2023-07-22,Active
CHG_01567,STN_0133,Level 2 (AC),22.0,2023-10-15,Active
CHG_01568,STN_0133,DC Ultra-Fast (150kW+),150.0,2023-07-07,Active
CHG_01569,STN_0134,DC Fast (50kW),50.0,2023-07-30,Active
CHG_01570,STN_0134,DC Ultra-Fast (150kW+),150.0,2023-08-01,Active
CHG_01571,STN_0134,DC Fast (50kW),50.0,2023-02-16,Active
CHG_01572,STN_0134,Level 2 (AC),22.0,2023-12-08,Active
CHG_01573,STN_0134,DC Hyper-Fast (350kW),350.0,2023-01-27,Active
CHG_01574,STN_0134,DC Fast (50kW),50.0,2023-03-23,Active
CHG_01575,STN_0134,DC Fast (50kW),50.0,2023-09-11,Active
CHG_01576,STN_0135,Level 2 (AC),11.0,2023-07-20,Active
CHG_01577,STN_0135,DC Hyper-Fast (350kW),350.0,2023-02-04,Active
CHG_01578,STN_0135,DC Fast (50kW),50.0,2023-06-07,Active
CHG_01579,STN_0135,DC Hyper-Fast (350kW),350.0,2023-07-23,Active
CHG_01580,STN_0135,Level 2 (AC),22.0,2023-10-06,Active
CHG_01581,STN_0135,Level 2 (AC),22.0,2023-03-09,Active
CHG_01582,STN_0135,Level 2 (AC),22.0,2023-07-04,Active
CHG_01583,STN_0135,DC Hyper-Fast (350kW),350.0,2023-04-18,Active
CHG_01584,STN_0135,Level 2 (AC),22.0,2023-05-26,Active
CHG_01585,STN_0135,DC Fast (50kW),50.0,2023-04-18,Offline
CHG_01586,STN_0135,Level 2 (AC),11.0,2023-10-24,Active
CHG_01587,STN_0135,DC Fast (50kW),50.0,2023-04-29,Active
CHG_01588,STN_0135,DC Fast (50kW),50.0,2023-02-14,Active
CHG_01589,STN_0135,Level 2 (AC),22.0,2023-03-19,Active
CHG_01590,STN_0135,DC Fast (50kW),50.0,2023-01-03,Active
CHG_01591,STN_0135,DC Hyper-Fast (350kW),350.0,2023-03-08,Active
CHG_01592,STN_0135,DC Fast (50kW),50.0,2023-05-25,Active
CHG_01593,STN_0135,DC Fast (50kW),50.0,2023-01-04,Active
CHG_01594,STN_0136,DC Ultra-Fast (150kW+),150.0,2023-02-21,Active
CHG_01595,STN_0136,DC Fast (50kW),50.0,2023-08-07,Active
CHG_01596,STN_0136,Level 2 (AC),11.0,2023-01-04,Active
CHG_01597,STN_0136,DC Fast (50kW),50.0,2023-11-20,Active
CHG_01598,STN_0136,Level 2 (AC),11.0,2023-10-18,Active
CHG_01599,STN_0136,DC Fast (50kW),50.0,2023-10-23,Active
CHG_01600,STN_0136,DC Ultra-Fast (150kW+),150.0,2023-05-21,Active
CHG_01601,STN_0136,DC Fast (50kW),50.0,2023-08-20,Active
CHG_01602,STN_0136,DC Fast (50kW),50.0,2023-09-15,Active
CHG_01603,STN_0136,DC Fast (50kW),50.0,2023-11-04,Active
CHG_01604,STN_0136,DC Ultra-Fast (150kW+),150.0,2023-01-22,Active
CHG_01605,STN_0136,DC Ultra-Fast (150kW+),150.0,2023-08-15,Active
CHG_01606,STN_0137,DC Hyper-Fast (350kW),350.0,2023-03-10,Active
CHG_01607,STN_0137,DC Hyper-Fast (350kW),350.0,2023-10-24,Active
CHG_01608,STN_0137,DC Fast (50kW),50.0,2023-01-13,Maintenance
CHG_01609,STN_0137,Level 2 (AC),11.0,2023-12-02,Active
CHG_01610,STN_0137,Level 2 (AC),7.2,2023-08-06,Active
CHG_01611,STN_0137,DC Ultra-Fast (150kW+),150.0,2023-07-03,Active
CHG_01612,STN_0137,DC Ultra-Fast (150kW+),150.0,2023-03-08,Active
CHG_01613,STN_0137,Level 2 (AC),22.0,2023-03-07,Maintenance
CHG_01614,STN_0138,Level 2 (AC),7.2,2023-08-14,Active
CHG_01615,STN_0138,DC Fast (50kW),50.0,2023-07-18,Active
CHG_01616,STN_0138,DC Fast (50kW),50.0,2023-11-22,Active
CHG_01617,STN_0138,Level 2 (AC),11.0,2023-06-15,Active
CHG_01618,STN_0139,DC Ultra-Fast (150kW+),150.0,2023-03-30,Active
CHG_01619,STN_0139,Level 2 (AC),7.2,2023-02-18,Active
CHG_01620,STN_0139,DC Fast (50kW),50.0,2023-08-27,Active
CHG_01621,STN_0139,DC Ultra-Fast (150kW+),150.0,2023-10-20,Active
CHG_01622,STN_0139,Level 2 (AC),11.0,2023-03-20,Active
CHG_01623,STN_0139,DC Fast (50kW),50.0,2023-03-23,Active
CHG_01624,STN_0139,Level 2 (AC),11.0,2023-06-12,Active
CHG_01625,STN_0139,DC Fast (50kW),50.0,2023-06-18,Active
CHG_01626,STN_0139,DC Hyper-Fast (350kW),350.0,2023-04-02,Active
CHG_01627,STN_0139,DC Ultra-Fast (150kW+),150.0,2023-10-07,Active
CHG_01628,STN_0139,Level 2 (AC),7.2,2023-05-08,Active
CHG_01629,STN_0139,DC Ultra-Fast (150kW+),150.0,2023-07-06,Active
CHG_01630,STN_0139,DC Hyper-Fast (350kW),350.0,2023-08-14,Maintenance
CHG_01631,STN_0139,DC Fast (50kW),50.0,2023-02-17,Active
CHG_01632,STN_0139,DC Ultra-Fast (150kW+),150.0,2023-12-15,Active
CHG_01633,STN_0139,Level 2 (AC),22.0,2023-09-17,Active
CHG_01634,STN_0139,DC Ultra-Fast (150kW+),150.0,2023-01-29,Maintenance
CHG_01635,STN_0140,Level 2 (AC),11.0,2023-07-22,Active
CHG_01636,STN_0140,DC Ultra-Fast (150kW+),150.0,2023-08-11,Active
CHG_01637,STN_0140,Level 2 (AC),22.0,2023-04-21,Active
CHG_01638,STN_0140,DC Fast (50kW),50.0,2023-04-09,Active
CHG_01639,STN_0140,Level 2 (AC),7.2,2023-10-08,Active
CHG_01640,STN_0141,DC Fast (50kW),50.0,2023-07-10,Active
CHG_01641,STN_0141,DC Ultra-Fast (150kW+),150.0,2023-03-10,Active
CHG_01642,STN_0141,DC Fast (50kW),50.0,2023-08-18,Maintenance
CHG_01643,STN_0141,DC Fast (50kW),50.0,2023-03-17,Active
CHG_01644,STN_0141,DC Hyper-Fast (350kW),350.0,2023-11-22,Maintenance
CHG_01645,STN_0141,DC Hyper-Fast (350kW),350.0,2023-08-06,Active
CHG_01646,STN_0141,DC Fast (50kW),50.0,2023-08-18,Active
CHG_01647,STN_0141,Level 2 (AC),7.2,2023-09-11,Active
CHG_01648,STN_0141,Level 2 (AC),7.2,2023-09-16,Active
CHG_01649,STN_0141,DC Ultra-Fast (150kW+),150.0,2023-07-27,Active
CHG_01650,STN_0141,Level 2 (AC),11.0,2023-06-04,Active
CHG_01651,STN_0142,Level 2 (AC),22.0,2023-12-24,Active
CHG_01652,STN_0142,DC Ultra-Fast (150kW+),150.0,2023-09-21,Active
CHG_01653,STN_0142,DC Fast (50kW),50.0,2023-01-21,Active
CHG_01654,STN_0142,DC Fast (50kW),50.0,2023-12-07,Active
CHG_01655,STN_0142,Level 2 (AC),11.0,2023-10-29,Active
CHG_01656,STN_0142,Level 2 (AC),7.2,2023-09-28,Active
CHG_01657,STN_0142,DC Ultra-Fast (150kW+),150.0,2023-03-21,Active
CHG_01658,STN_0142,Level 2 (AC),7.2,2023-12-08,Maintenance
CHG_01659,STN_0142,Level 2 (AC),7.2,2023-12-02,Active
CHG_01660,STN_0142,Level 2 (AC),22.0,2023-01-14,Offline
CHG_01661,STN_0142,DC Fast (50kW),50.0,2023-09-06,Active
CHG_01662,STN_0142,Level 2 (AC),11.0,2023-01-29,Active
CHG_01663,STN_0142,DC Fast (50kW),50.0,2023-08-08,Active
CHG_01664,STN_0142,DC Fast (50kW),50.0,2023-02-11,Active
CHG_01665,STN_0143,Level 2 (AC),22.0,2023-02-27,Active
CHG_01666,STN_0143,DC Fast (50kW),50.0,2023-05-09,Active
CHG_01667,STN_0143,DC Fast (50kW),50.0,2023-06-02,Active
CHG_01668,STN_0143,DC Ultra-Fast (150kW+),150.0,2023-05-05,Active
CHG_01669,STN_0143,DC Ultra-Fast (150kW+),150.0,2023-11-10,Active
CHG_01670,STN_0143,DC Ultra-Fast (150kW+),150.0,2023-07-23,Active
CHG_01671,STN_0143,DC Fast (50kW),50.0,2023-01-24,Active
CHG_01672,STN_0143,DC Fast (50kW),50.0,2023-07-28,Active
CHG_01673,STN_0144,Level 2 (AC),7.2,2023-04-15,Active
CHG_01674,STN_0144,DC Ultra-Fast (150kW+),150.0,2023-11-27,Active
CHG_01675,STN_0144,DC Fast (50kW),50.0,2023-10-28,Maintenance
CHG_01676,STN_0144,Level 2 (AC),22.0,2023-02-04,Offline
CHG_01677,STN_0144,Level 2 (AC),22.0,2023-08-31,Active
CHG_01678,STN_0144,Level 2 (AC),7.2,2023-09-24,Active
CHG_01679,STN_0144,DC Fast (50kW),50.0,2023-03-09,Active
CHG_01680,STN_0144,DC Fast (50kW),50.0,2023-03-16,Active
CHG_01681,STN_0144,Level 2 (AC),11.0,2023-06-27,Active
CHG_01682,STN_0144,Level 2 (AC),22.0,2023-07-23,Active
CHG_01683,STN_0144,DC Ultra-Fast (150kW+),150.0,2023-12-23,Maintenance
CHG_01684,STN_0144,Level 2 (AC),22.0,2023-05-12,Active
CHG_01685,STN_0145,DC Fast (50kW),50.0,2023-10-15,Active
CHG_01686,STN_0145,Level 2 (AC),22.0,2023-04-22,Active
CHG_01687,STN_0145,Level 2 (AC),22.0,2023-08-05,Active
CHG_01688,STN_0145,DC Fast (50kW),50.0,2023-11-21,Active
CHG_01689,STN_0145,Level 2 (AC),22.0,2023-04-19,Active
CHG_01690,STN_0145,Level 2 (AC),7.2,2023-06-18,Active
CHG_01691,STN_0145,Level 2 (AC),22.0,2023-02-16,Active
CHG_01692,STN_0145,Level 2 (AC),7.2,2023-09-30,Active
CHG_01693,STN_0145,DC Fast (50kW),50.0,2023-03-14,Active
CHG_01694,STN_0145,Level 2 (AC),11.0,2023-09-01,Active
CHG_01695,STN_0145,DC Fast (50kW),50.0,2023-12-19,Offline
CHG_01696,STN_0145,DC Fast (50kW),50.0,2023-01-02,Active
CHG_01697,STN_0145,DC Ultra-Fast (150kW+),150.0,2023-08-17,Active
CHG_01698,STN_0145,DC Fast (50kW),50.0,2023-01-29,Active
CHG_01699,STN_0145,DC Fast (50kW),50.0,2023-12-21,Active
CHG_01700,STN_0146,Level 2 (AC),11.0,2023-06-20,Active
CHG_01701,STN_0146,DC Ultra-Fast (150kW+),150.0,2023-05-17,Active
CHG_01702,STN_0146,DC Fast (50kW),50.0,2023-05-26,Active
CHG_01703,STN_0146,DC Hyper-Fast (350kW),350.0,2023-04-24,Active
CHG_01704,STN_0146,Level 2 (AC),11.0,2023-06-06,Active
CHG_01705,STN_0146,Level 2 (AC),11.0,2023-06-21,Active
CHG_01706,STN_0146,DC Hyper-Fast (350kW),350.0,2023-04-24,Active
CHG_01707,STN_0146,Level 2 (AC),7.2,2023-12-28,Maintenance
CHG_01708,STN_0146,Level 2 (AC),11.0,2023-04-22,Offline
CHG_01709,STN_0146,Level 2 (AC),22.0,2023-12-19,Maintenance
CHG_01710,STN_0146,DC Hyper-Fast (350kW),350.0,2023-10-27,Active
CHG_01711,STN_0146,DC Fast (50kW),50.0,2023-03-10,Offline
CHG_01712,STN_0146,DC Hyper-Fast (350kW),350.0,2023-02-01,Active
CHG_01713,STN_0146,DC Fast (50kW),50.0,2023-04-24,Active
CHG_01714,STN_0146,DC Ultra-Fast (150kW+),150.0,2023-07-04,Active
CHG_01715,STN_0146,Level 2 (AC),11.0,2023-03-03,Active
CHG_01716,STN_0146,DC Fast (50kW),50.0,2023-06-28,Active
CHG_01717,STN_0147,DC Hyper-Fast (350kW),350.0,2023-11-07,Active
CHG_01718,STN_0147,Level 2 (AC),11.0,2023-10-24,Active
CHG_01719,STN_0147,DC Ultra-Fast (150kW+),150.0,2023-02-16,Maintenance
CHG_01720,STN_0147,DC Fast (50kW),50.0,2023-04-20,Active
CHG_01721,STN_0147,Level 2 (AC),11.0,2023-09-13,Offline
CHG_01722,STN_0147,Level 2 (AC),11.0,2023-10-13,Active
CHG_01723,STN_0147,Level 2 (AC),22.0,2023-11-19,Offline
CHG_01724,STN_0147,DC Fast (50kW),50.0,2023-05-06,Active
CHG_01725,STN_0147,Level 2 (AC),11.0,2023-11-01,Active
CHG_01726,STN_0147,DC Fast (50kW),50.0,2023-01-11,Active
CHG_01727,STN_0147,DC Fast (50kW),50.0,2023-03-26,Active
CHG_01728,STN_0147,Level 2 (AC),11.0,2023-06-30,Active
CHG_01729,STN_0147,Level 2 (AC),22.0,2023-01-30,Active
CHG_01730,STN_0147,Level 2 (AC),7.2,2023-04-25,Active
CHG_01731,STN_0147,DC Ultra-Fast (150kW+),150.0,2023-09-18,Active
CHG_01732,STN_0147,Level 2 (AC),22.0,2023-08-03,Maintenance
CHG_01733,STN_0147,DC Fast (50kW),50.0,2023-01-27,Active
CHG_01734,STN_0148,DC Fast (50kW),50.0,2023-06-19,Active
CHG_01735,STN_0148,DC Ultra-Fast (150kW+),150.0,2023-10-16,Active
CHG_01736,STN_0148,DC Ultra-Fast (150kW+),150.0,2023-01-16,Active
CHG_01737,STN_0148,DC Fast (50kW),50.0,2023-01-12,Active
CHG_01738,STN_0148,DC Fast (50kW),50.0,2023-06-26,Active
CHG_01739,STN_0148,Level 2 (AC),7.2,2023-06-10,Active
CHG_01740,STN_0148,Level 2 (AC),11.0,2023-08-30,Active
CHG_01741,STN_0148,DC Hyper-Fast (350kW),350.0,2023-07-24,Offline
CHG_01742,STN_0148,DC Fast (50kW),50.0,2023-08-29,Active
CHG_01743,STN_0148,DC Hyper-Fast (350kW),350.0,2023-02-15,Maintenance
CHG_01744,STN_0149,Level 2 (AC),11.0,2023-03-13,Active
CHG_01745,STN_0149,Level 2 (AC),11.0,2023-07-05,Maintenance
CHG_01746,STN_0149,Level 2 (AC),11.0,2023-01-26,Active
CHG_01747,STN_0149,DC Fast (50kW),50.0,2023-10-05,Active
CHG_01748,STN_0149,DC Fast (50kW),50.0,2023-04-14,Active
CHG_01749,STN_0149,DC Fast (50kW),50.0,2023-08-21,Active
CHG_01750,STN_0149,Level 2 (AC),7.2,2023-03-20,Active
CHG_01751,STN_0149,DC Ultra-Fast (150kW+),150.0,2023-08-14,Active
CHG_01752,STN_0149,DC Fast (50kW),50.0,2023-08-18,Active
CHG_01753,STN_0149,Level 2 (AC),22.0,2023-11-22,Active
CHG_01754,STN_0149,DC Fast (50kW),50.0,2023-11-19,Active
CHG_01755,STN_0149,Level 2 (AC),7.2,2023-11-19,Active
CHG_01756,STN_0149,DC Ultra-Fast (150kW+),150.0,2023-05-09,Active
CHG_01757,STN_0149,DC Fast (50kW),50.0,2023-07-29,Active
CHG_01758,STN_0149,DC Fast (50kW),50.0,2023-10-20,Active
CHG_01759,STN_0149,DC Hyper-Fast (350kW),350.0,2023-04-09,Active
CHG_01760,STN_0149,DC Hyper-Fast (350kW),350.0,2023-11-10,Active
CHG_01761,STN_0149,Level 2 (AC),11.0,2023-05-23,Active
